Date,Close,High,Low,Open,Volume,rolling_20_mean,is_9_days_prior_to_event,signal,daily_returns,strategy_returns
2016-01-04,23.803165435791016,23.807685274554252,23.04625448140937,23.184080258860124,270597600,,0,0,,
2016-01-05,23.20667266845703,23.91613560940006,23.138890606039773,23.89354158859431,223164000,,0,0,-0.025059388380214487,-0.0
2016-01-06,22.752527236938477,23.129854481864832,22.564995297990357,22.72089526054658,273829600,,0,0,-0.019569605604677576,-0.0
2016-01-07,21.79226303100586,22.623735681519346,21.787744916757767,22.29611809841868,324377600,,0,0,-0.04220472723459212,-0.0
2016-01-08,21.907493591308594,22.393272728006615,21.862305556002617,22.26674485009943,283192000,,0,0,0.005287682153009232,0.0
2016-01-11,22.262229919433594,22.381979790822054,21.99335639580132,22.361645687596138,198957600,,0,0,0.016192465224124764,0.0
2016-01-12,22.585325241088867,22.75026485087717,22.33226775275204,22.718632880311706,196616800,,0,0,0.014513160758133692,0.0
2016-01-13,22.004653930664062,22.86324056803379,21.984319827750813,22.6666689541387,249758400,,0,0,-0.025710115051538196,-0.0
2016-01-14,22.48590660095215,22.70281397668013,21.63184005784496,22.13343513206674,252680400,,0,0,0.021870494841886412,0.0
2016-01-15,21.94590759277344,22.076955332379107,21.545988063620072,21.735779915065503,319335600,,0,0,-0.024014998272555377,-0.0
2016-01-19,21.83971405029297,22.28934143141066,21.577618588696247,22.235115438043948,212350800,,0,0,-0.0048388767715144,-0.0
2016-01-20,21.86908531188965,22.18540675539229,21.107654617921323,21.48724000536185,289337600,,0,0,0.001344855593303329,0.0
2016-01-21,21.75836944580078,22.115359024954454,21.451086010818543,21.93008534125748,208646000,,0,0,-0.00506266560808899,-0.0
2016-01-22,22.915203094482425,22.92424104675834,22.226076040621987,22.28482014469573,263202000,,0,0,0.053167295075270626,0.0
2016-01-25,22.467836380004883,22.94005776578175,22.415868583710015,22.937797846687225,207178000,,0,0,-0.019522703448579093,-0.0
2016-01-26,22.59210777282715,22.793197507383223,22.158296326850905,22.578551703832098,300308000,,0,0,0.005531079660739291,0.0
2016-01-27,21.107648849487305,21.832927535103337,21.089572949355468,21.69962165020964,533478800,0.03325311663336662,0,0,-0.0657069689232489,-0.0
2016-01-28,21.259037017822266,21.356192855437335,20.874933505658436,21.191254957694476,222715200,-0.01061188336663337,0,0,0.007172194753402694,0.0
2016-01-29,21.993350982666016,21.993350982666016,21.31778004647001,21.41719579016375,257666000,-0.01979605003330004,0,0,0.03454126187503914,0.0
2016-02-01,21.78774642944336,21.85101037618781,21.55502474371345,21.796784382380174,163774000,-0.0037680500333000396,0,0,-0.009348486885181972,-0.0
2016-02-02,21.347158432006836,21.69963000116032,21.30196866428627,21.55954430694665,149428800,0.00914159282384282,0,0,-0.020221825091608636,-0.0
2016-02-03,21.769662857055664,21.880374724869604,21.25677170615983,21.464639379063087,183857200,0.033459926157176155,0,0,0.01979206864438443,0.0
2016-02-04,21.944589614868164,22.11042423534878,21.624281283757696,21.776484545584424,185886800,0.04890165692640691,0,0,0.008035345285827722,0.0
2016-02-05,21.35848617553711,22.01727839752225,21.28352152072093,21.926410206012815,185672400,0.028251656926406927,0,0,-0.02670833447411347,-0.0
2016-02-08,21.58338737487793,21.740133243517647,21.135862919353222,21.156307354458367,216085600,0.04104276803751803,0,0,0.010529828635440053,0.0
2016-02-09,21.5788516998291,21.794663978553245,21.33805234586049,21.4198335855418,177324800,0.0090994347041847,0,0,-0.00021014658033280398,-0.0
2016-02-10,21.415279388427734,21.88779261561213,21.37666096885497,21.79010960934965,169374400,,0,0,-0.0075802138907448136,-0.0
2016-02-11,21.285799026489254,21.517513078323827,21.033640534698964,21.306245199612153,200298800,0.0078469347041847,0,0,-0.006046167299056937,-0.0
2016-02-12,21.35167121887207,21.467528205585683,21.12904597101706,21.397106180900245,161405600,0.016328684704184696,0,0,0.0030946544360792583,0.0
2016-02-16,21.95367431640625,22.001379733794217,21.49252021515571,21.58565886819884,196231600,-0.0008574819624819722,0,0,0.028194659395190058,0.0
2016-02-17,22.289884567260746,22.31032900190104,21.842360121911447,21.960487566111063,179452800,-0.020531767676767676,0,0,0.015314532137485681,0.0
2016-02-18,21.867355346679688,22.46481102115485,21.82873518128605,22.45345184312721,156084000,-0.02182301767676768,0,0,-0.018956097296334407,-0.0
2016-02-19,21.817384719848633,21.98094723006411,21.762864460832738,21.80829772115135,141496800,0.004187815656565649,0,0,-0.002285170110369217,-0.0
2016-02-22,22.008195877075195,22.0127402408157,21.790113213038563,21.878709241141976,137123200,-0.0023716843434343445,0,0,0.0087458308902153,0.0
2016-02-23,21.51069450378418,21.921871011669452,21.478890891747024,21.899154393523897,127770400,0.0020011944444444352,0,0,-0.02260527741891094,-0.0
2016-02-24,21.83100318908691,21.894610414277626,21.199471834454982,21.34940463654758,145022800,0.01188590873015872,0,0,0.014890671486519569,0.0
2016-02-25,21.980934143066406,21.980934143066406,21.637907512438176,21.81964391184609,110330800,0.009268408730158714,0,0,0.006867799554646448,0.0
2016-02-26,22.0150089263916,22.267165612601236,21.940042535081528,22.08088659166409,115964400,0.006234242063492057,0,0,0.0015501972347222726,0.0
2016-02-29,21.965038299560547,22.31487983681167,21.955951303807204,22.003656731636827,140865200,0.017107908730158723,0,0,-0.0022698435870789346,-0.0
2016-03-01,22.837371826171875,22.891892074047583,22.130873853619956,22.183123652161107,201628400,,0,0,0.03971463717542356,0.0
2016-03-02,22.88734436035156,22.919147975648062,22.635185886809957,22.832824124581418,132678400,-0.018714591269841277,0,0,0.0021881911176142577,0.0
2016-03-03,23.057722091674805,23.105427515608564,22.819193238838924,22.84872640591726,147822800,-0.05247709126984128,0,0,0.007444189620286146,0.0
2016-03-04,23.400745391845703,23.568850442243427,23.028187316279492,23.255356959096297,184220400,-0.05081059126984126,0,0,0.014876721074487564,0.0
2016-03-07,23.141769409179688,23.35985203259098,22.935044226670055,23.25989684692332,143315600,-0.041034341269841276,0,0,-0.011066997154554725,-0.0
2016-03-08,22.950956344604492,23.11679100142754,22.807840046127613,22.89416391507388,126247600,-0.05381711904761906,0,0,-0.008245396503670288,-0.0
2016-03-09,22.971397399902344,23.07589523896485,22.778301796007497,23.014558458170693,108806800,-0.010839619047619048,0,0,0.0008906406770563535,0.0
2016-03-10,22.982757568359375,23.22582907206048,22.75104524264609,23.037279542900215,134054400,-0.020636285714285715,0,0,0.0004945353675820385,0.0
2016-03-11,23.230369567871097,23.234912198409383,23.057720143578248,23.225825204165872,109632800,-0.005307535714285719,0,0,0.010773815925927632,0.0
2016-03-14,23.2894344329834,23.378032201182982,23.121329357943154,23.150862525065374,100304400,0.01847246428571428,1,1,0.002542571048632425,0.0
2016-03-15,23.757410049438477,23.893711536617257,23.59157538903988,23.61656419722552,160270800,0.03538549999999999,1,1,0.020093902142694908,0.020093902142694908
2016-03-16,24.073165893554688,24.1504027355945,23.759670695902745,23.764215059061986,153214000,0.051670499999999994,1,1,0.013290836141613527,0.013290836141613527
2016-03-17,24.034547805786133,24.18675104356324,23.843724413286907,23.97093885284189,137682800,0.014977999999999995,1,1,-0.0016041964708469747,-0.0016041964708469747
2016-03-18,24.06180763244629,24.19356643839948,23.895974767338643,24.157218464412335,176820800,0.023478999999999983,1,1,0.0011341934485489258,0.0011341934485489258
2016-03-21,24.059532165527344,24.454806767772393,23.88461061024186,24.064074794744823,142010800,0.03345638095238094,1,1,-9.456758002990284e-05,-9.456758002990284e-05
2016-03-22,24.24354362487793,24.373030246969133,23.9005169921509,23.90960398549357,129777600,0.031093919413919396,0,0,0.007648172794242347,0.007648172794242347
2016-03-23,24.10951042175293,24.323050412745697,24.057262381297218,24.189021172895583,102814000,0.0450489194139194,0,0,-0.005528614347758087,-0.0
2016-03-24,24.005014419555664,24.13677322109909,23.827822385215686,23.959581186759113,104532000,0.054667252747252724,0,0,-0.00433422331558353,-0.0
2016-03-28,23.89597511291504,24.12314475411954,23.86644195033169,24.079981967677305,77645600,0.05648922244422243,0,0,-0.00454235539020531,-0.0
2016-03-29,24.46162796020508,24.48661676033685,23.825552247487547,23.827824429272315,124760400,0.07369047244422242,0,0,0.023671469551553193,0.0
2016-03-30,24.88870620727539,25.084072244205707,24.670623552062526,24.68198272778724,182404400,0.08827297244422243,0,0,0.017459109743844126,0.0
2016-03-31,24.75922393798828,24.96594918705855,24.73423513352557,24.925058573680207,103553600,0.07660980577755575,0,0,-0.005202450790682711,-0.0
2016-04-01,24.986391067504883,24.98866324945069,24.57975715755651,24.71151597974097,103496000,0.10225355577755577,0,0,0.009175050481612823,0.0
2016-04-04,25.24309539794922,25.486166885571684,25.04999978393256,25.084075582474743,149424800,0.09498955577755577,0,0,0.010273765817192526,0.0
2016-04-05,24.94550132751465,25.154498744635635,24.85690529337838,24.877351465269015,106314800,0.11945122244422242,0,0,-0.011789127511626307,-0.0
2016-04-06,25.20674705505371,25.211291419149813,24.806927939783694,25.040914162054687,105616400,0.10312747244422245,0,0,0.010472658941951707,0.0
2016-04-07,24.656993865966797,25.08407218137641,24.56158302951894,24.97730216923229,127207600,0.13767580577755575,0,0,-0.021809763389389558,-0.0
2016-04-08,24.68425941467285,24.936416176747063,24.572945018388747,24.741051837327813,94326800,0.16270330577755573,0,0,0.001105793709252234,0.0
2016-04-11,24.766036987304688,25.12723766861337,24.722875927989268,24.754679543555184,117630000,0.15952705577755574,0,0,0.003312944142177754,0.0
2016-04-12,25.088623046875,25.102252674709263,24.684261244896863,24.838734982131367,108929200,0.16772705577755573,0,0,0.013025340297104115,0.0
2016-04-13,25.452091217041016,25.520241081306384,25.170401298443164,25.170401298443164,133029200,0.19288455577755576,0,0,0.014487370211068162,0.0
2016-04-14,25.465723037719727,25.53160245873693,25.290803131214737,25.356682552231938,101895600,0.1694302224442224,0,0,0.0005355874518311321,0.0
2016-04-15,24.954587936401367,25.511154668549523,24.92732868519164,25.467991876578065,187756000,0.15273284149184146,0,0,-0.020071493770715598,-0.0
2016-04-18,24.41619300842285,24.750130914317232,24.293521198165692,24.736501290899803,243286000,0.16695296969696968,0,0,-0.0215749877076975,-0.0
2016-04-19,24.286710739135746,24.53432485248601,24.13223529110822,24.507063867598657,129539600,0.18257011255411254,0,0,-0.0053031309689614,-0.0
2016-04-20,24.336685180664062,24.55476784743825,24.09361371250426,24.22537253196168,122444000,0.19250011255411253,0,0,0.0020576866939741034,0.0
2016-04-21,24.073165893554688,24.291248529696585,23.970938520472508,24.291248529696585,126210000,0.1622814761904762,0,0,-0.010828068208678876,-0.0
2016-04-22,24.00729179382324,24.18902823065176,23.766492488217505,23.855088524550453,134732400,0.1907902261904762,0,0,-0.002736411987634968,-0.0
2016-04-25,23.87098693847656,24.00047356802536,23.741500308927765,23.85281295074452,112126400,0.12305605952380952,0,0,-0.005677643964062118,-0.0
2016-04-26,23.70516014099121,23.920972416763675,23.60520664187803,23.60520664187803,224064800,0.08855405952380951,0,0,-0.00694679268656706,-0.0
2016-04-27,22.22173500061035,22.42391584961028,21.735592090299633,21.80828630866852,458408400,0.09585996428571428,0,0,-0.06257815309231785,-0.0
2016-04-28,21.542495727539062,22.2353620365826,21.410736930468484,22.174027001072737,328970800,0.07795163095238095,0,0,-0.030566437456509665,-0.0
2016-04-29,21.29487991333008,21.517506905821477,21.015462248419112,21.35167231891632,274126000,0.09791538095238093,0,0,-0.011494295616474859,-0.0
2016-05-02,21.27216529846191,21.37212049630822,20.99047542554676,21.347131696846645,192640400,0.10690371428571428,0,0,-0.0010666702494035452,-0.0
2016-05-03,21.622011184692383,21.749225656603414,21.28125664935882,21.399384125680893,227325200,0.10205788095238096,0,0,0.01644618125714592,0.0
2016-05-04,21.39711570739746,21.785575706565275,21.31306229009773,21.626555868417185,164102000,0.09372288095238093,0,0,-0.010401228422920239,-0.0
2016-05-05,21.31026077270508,21.499959999076157,21.182271773572463,21.483961374184577,143562000,0.055000380952380946,0,0,-0.004059188905650046,-0.0
2016-05-06,21.19141387939453,21.358256431042555,20.992572334568138,21.33997353400832,174799600,0.027995380952380945,0,0,-0.005576979774117752,-0.0
2016-05-09,21.20741081237793,21.431391540724043,21.161699214140537,21.25540668273781,131745600,0.010337880952380946,0,0,0.0007548780404385003,0.0
2016-05-10,21.351394653320312,21.385677910014973,21.051991148539265,21.33082574553484,134747200,0.03505288095238094,0,0,0.006789317291781005,0.0
2016-05-11,21.14341163635254,21.38567695034391,21.131983303394204,21.365108043481456,114876400,0.03412954761904761,0,0,-0.009740956988747773,-0.0
2016-05-12,20.647459030151367,21.20512841784952,20.44861921094909,21.191415807896114,305258800,0.02912788095238094,0,0,-0.023456602686979133,-0.0
2016-05-13,20.6885986328125,20.951434700845574,20.569751944370484,20.569751944370484,177571200,0.013405738095238085,0,0,0.001992477747555066,0.0
2016-05-16,21.456533432006836,21.573095833014207,20.94686173110111,21.115990292755455,245039200,0.013570738095238089,0,0,0.03711874413651084,0.0
2016-05-17,21.36739921569824,21.64394787415721,21.25769485623188,21.609666351648563,187667600,0.027472738095238092,0,0,-0.004154176003828947,-0.0
2016-05-18,21.611948013305664,21.76050765320159,21.45881808553379,21.520528306033533,168249600,0.012943452380952375,0,0,0.011444949155429152,0.0
2016-05-19,21.529672622680664,21.630236410616472,21.385684989361213,21.630236410616472,121768400,0.023332202380952377,0,0,-0.0038069400580802437,-0.0
2016-05-20,21.762798309326172,21.810794188993604,21.60281030004855,21.63023726430973,128104000,0.06380220238095238,0,0,0.010828111078656999,0.0
2016-05-23,22.039344787597656,22.213045389761763,21.86564418543355,21.9113557879606,152074400,0.055872202380952384,0,0,0.01270730327694003,0.0
2016-05-24,22.375320434570312,22.418744282715448,22.13305327038365,22.21990445411303,140560800,0.08179086904761905,0,0,0.015244357316907209,0.0
2016-05-25,22.76842498779297,22.795850201096112,22.423309856069583,22.55129883473508,152675200,0.07773229761904762,0,0,0.01756866697717996,0.0
2016-05-26,22.9489803314209,23.022117134874208,22.544441025039365,22.78213607219235,225324800,0.07954229761904763,0,0,0.007930076135030495,0.0
2016-05-27,22.935272216796875,22.96269917944234,22.683864495564723,22.72729008382353,145364800,0.03902229761904762,0,0,-0.0005973300088306654,-0.0
2016-05-31,22.82328224182129,22.946700960333143,22.58558712584136,22.763858026896447,169228800,0.011346630952380959,0,0,-0.004882870973450637,-0.0
2016-06-01,22.503307342529297,22.75014477255879,22.473596107768472,22.631296346076713,116693200,,0,0,-0.014019670610989965,-0.0
2016-06-02,22.33417701721191,22.36160223369767,22.08505359057761,22.306750057006894,160766400,0.002334130952380965,0,0,-0.00751579857764928,-0.0
2016-06-03,22.379886627197266,22.459879747264605,22.272466547227165,22.350175395092037,114019600,0.023586630952380967,0,0,0.0020466216395673698,0.0
2016-06-06,22.542163848876953,23.287246525030525,22.295328130255697,22.395890184612643,93170000,0.05819496428571429,0,0,0.007251029658143171,0.0
2016-06-07,22.633583068847656,22.825568323882163,22.617584442904732,22.683864962873823,89638000,0.05649371428571429,0,0,0.0040554766873126535,0.0
2016-06-08,22.613006591796875,22.754708161696733,22.553582396573688,22.631289484103434,83392400,0.046579547619047625,0,0,-0.0009091126662619242,-0.0
2016-06-09,22.775285720825195,22.852992831923256,22.5033073445432,22.51244966532875,106405600,0.053903335497835506,0,0,0.007176362345694853,0.0
2016-06-10,22.58786964416504,22.70671631189116,22.50787652706869,22.519303118814356,126851600,0.07560333549783552,0,0,-0.00822892318267543,-0.0
2016-06-13,22.247323989868164,22.65414935218621,22.192471817759767,22.555871599310805,152082000,0.0788383354978355,0,0,-0.01507648395628336,-0.0
2016-06-14,22.274761199951172,22.50788609021825,22.112488880975416,22.242763939517637,127727600,0.06386389105339106,0,0,0.0012332813643340934,0.0
2016-06-15,22.20161819458008,22.491881218461337,22.176477247827545,22.357034163723263,117780800,0.0945152243867244,0,0,-0.0032836718075006655,-0.0
2016-06-16,22.29532814025879,22.34103800646703,21.957069201671043,22.04391864495456,125307200,0.0692345101010101,0,0,0.004220861058748637,0.0
2016-06-17,21.787940979003903,22.089630634838617,21.7810846733267,22.08277432916141,244032800,0.0648957601010101,0,0,-0.022757555217978398,-0.0
2016-06-20,21.735366821289062,22.071339652754663,21.71936819806304,21.941064651137303,137647600,0.07578909343434344,0,0,-0.002412993396920915,-0.0
2016-06-21,21.920495986938477,22.021058015326627,21.63937532569263,21.69879953136688,142185600,,0,0,0.008517416207951323,0.0
2016-06-22,21.83821678161621,22.144476641153588,21.792505183664925,21.9982030151478,116876400,0.04034492676767677,0,0,-0.003753528449871424,-0.0
2016-06-23,21.96392059326172,22.00734617704772,21.76965108976098,21.92735305722027,128960800,0.03339492676767677,0,0,0.005756139015495432,0.0
2016-06-24,21.346834182739254,21.634811230197403,21.175419564157924,21.23484378684096,301245600,0.043556593434343434,0,0,-0.028095458090108938,-0.0
2016-06-27,21.03599548339844,21.266834250941113,20.91257678818906,21.25540591586429,181958400,0.07719159343434343,0,0,-0.014561348848259326,-0.0
2016-06-28,21.39025497436523,21.406255343781915,21.058854123327965,21.23255473355494,161779600,0.08071684343434343,0,0,0.016840633534380256,0.0
2016-06-29,21.575382232666016,21.609665497538987,21.399395620053767,21.477104470013785,146124000,0.07683767676767675,0,0,0.008654747618606962,0.0
2016-06-30,21.849647521972656,21.888501079819115,21.552529925610926,21.584527178392666,143345600,0.07139517676767675,0,0,0.01271195505826972,0.0
2016-07-01,21.915922164916992,22.048483173007646,21.787933188122725,21.824500719898644,104106000,0.05065684343434342,0,0,0.0030332133677528628,0.0
2016-07-05,21.710233688354492,21.80394118932993,21.589100962679733,21.80165517269839,110820800,0.04925809343434344,0,0,-0.009385344363549764,-0.0
2016-07-06,21.83364486694336,21.863357841700687,21.56852457228208,21.621090730558745,123796400,0.07213576010101011,0,0,0.005684470299141209,0.0
2016-07-07,21.927356719970703,22.055345733073946,21.85421989195178,21.872502791166863,100558400,0.08516697222222223,0,0,0.004292084697650633,0.0
2016-07-08,22.09647750854492,22.144473371517797,21.952489919626284,22.053051932832783,115648400,0.06638697222222224,0,0,0.007712775905186264,0.0
2016-07-11,22.1650447845459,22.318174696962785,22.107906601370736,22.112476888788404,95179600,0.06312572222222225,0,0,0.0031030862713057328,0.0
2016-07-12,22.265613555908203,22.32960806148332,22.197048761528936,22.208475355399067,96670000,0.06780072222222225,0,0,0.004537269035089997,0.0
2016-07-13,22.139911651611328,22.32275285601546,22.133053602488033,22.263330380036894,103568800,0.062065166666666685,0,0,-0.005645562112233771,-0.0
2016-07-14,22.57873153686523,22.624441399813954,22.242758638661694,22.258757265065697,155676000,0.06695933333333334,0,0,0.01982030877805996,0.0
2016-07-15,22.57643699645996,22.695285385204475,22.512442515006228,22.60843423718683,120548000,0.07218100000000002,0,0,-0.00010162397305280013,-0.0
2016-07-18,22.816425323486328,22.884990113891956,22.53530462603701,22.558159556172217,145975600,0.061836000000000016,0,0,0.010630035512866787,0.0
2016-07-19,22.82556533813477,22.855276569936763,22.704430907589956,22.75471279503889,95119600,0.058733500000000015,0,0,0.0004005892473888384,0.0
2016-07-20,22.846132278442383,22.960408651430026,22.79585039533277,22.85527459752768,105104000,0.04298100000000001,0,0,0.0009010484517224526,0.0
2016-07-21,22.725006103515625,23.083833947605864,22.656439562619067,22.81642757680451,130808000,0.044238500000000014,0,0,-0.005301824109678832,-0.0
2016-07-22,22.54901885986328,22.695292504418457,22.46902398923394,22.686150183668836,113254800,0.044962666666666685,0,0,-0.007744211062065132,-0.0
2016-07-25,22.247323989868164,22.59015311705411,22.151332252748688,22.45530783067948,161531600,-0.006906916666666646,0,0,-0.013379512069686017,-0.0
2016-07-26,22.09419822692871,22.391317557281365,22.03706002830085,22.12848149484932,224959200,0.005605833333333349,0,0,-0.006882884566664749,-0.0
2016-07-27,23.52950859069824,23.84948283942716,23.48379873104527,23.831198198078223,369379200,0.025637222222222235,0,0,0.0649632246903693,0.0
2016-07-28,23.847192764282227,23.87233370592792,23.49979335638036,23.50207937208971,159479200,0.019245555555555575,0,0,0.013501521817143924,0.0
2016-07-29,23.817481994628903,23.89519083677516,23.696349315481235,23.81291170684106,110934800,0.02514555555555557,0,0,-0.0012458812216179505,-0.0
2016-08-01,24.238027572631836,24.260882506184128,23.86320108247136,23.86320108247136,152671600,0.013248055555555574,0,0,0.017657012529610494,0.0
2016-08-02,23.879194259643555,24.24259232821849,23.76948816242665,24.23802204003911,135266400,0.01368080555555557,0,0,-0.014804559154535157,-0.0
2016-08-03,24.1785945892334,24.190021180009257,23.945469817802387,23.95461213665449,120810400,0.008051638888888902,0,0,0.012538125295786795,0.0
2016-08-04,24.327959060668945,24.357831241429363,24.192381541169837,24.261319500666353,109634800,0.0348441388888889,0,0,0.006177549769665225,0.0
2016-08-05,24.69792366027832,24.736987687705405,24.39919482581953,24.419875162752028,162213600,0.056632888888888885,0,0,0.01520738335208316,0.0
2016-08-08,24.902442932128903,24.902442932128903,24.624396125952565,24.707119245238747,112148800,0.0678528888888889,0,0,0.008280828569387388,0.0
2016-08-09,25.0035457611084,25.033419698333876,24.819714104086568,24.870268379546303,105260800,0.0723078888888889,0,0,0.004059956256301733,0.0
2016-08-10,24.817419052124023,25.024231228191503,24.76226972289455,24.980570392920153,96034000,0.05881372222222223,0,0,-0.007444012571764302,-0.0
2016-08-11,24.801332473754883,25.03112337900485,24.782948780575172,24.93690826633293,109938000,0.08468455555555555,0,0,-0.0006481970721997632,-0.0
2016-08-12,24.858781814575195,24.91852794470686,24.766865095872383,24.766865095872383,74641600,0.11208330555555554,0,0,0.0023163812219002544,0.0
2016-08-15,25.157506942749023,25.171293834880817,24.83579935207304,24.849586244204833,103472800,0.13066580555555557,0,0,0.012016885236052932,0.0
2016-08-16,25.13452911376953,25.329852789872728,25.095465079815096,25.19197684129035,135177600,0.13332580555555557,0,0,-0.0009133587454346337,-0.0
2016-08-17,25.09776496887207,25.132233958062734,24.89554783397516,25.07018942688641,101424000,0.16297080555555557,0,0,-0.0014626947945215463,-0.0
2016-08-18,25.065595626831055,25.18508614171571,25.051806978569427,25.10006461773657,87938800,0.19964830555555557,0,0,-0.0012817612277792323,-0.0
2016-08-19,25.129932403564453,25.20576381963224,24.900141508691455,24.99435486394338,101472400,,0,0,0.0025667364020078853,0.0
2016-08-22,24.93461227416992,25.070188070307253,24.782949431203903,25.015038742485757,103280800,0.2680078888888889,0,0,-0.007772409661031543,-0.0
2016-08-23,25.01273536682129,25.120737354146307,24.939202359965027,24.95298925088646,85030800,0.2793805555555556,0,0,0.003133118405546531,0.0
2016-08-24,24.824308395385746,24.98975810888897,24.74388193831203,24.94839568051316,94700400,0.2951991666666667,0,0,-0.007533241313762318,-0.0
2016-08-25,24.718605041503903,24.789839653723377,24.514091297315822,24.677242612726243,100344800,0.30430083333333335,0,0,-0.004258058359502659,-0.0
2016-08-26,24.573843002319336,24.805930582996083,24.42907359211279,24.681845021627176,111065200,0.30397083333333336,0,0,-0.005856400025062269,-0.0
2016-08-29,24.546262741088867,24.68873372368836,24.424473850185997,24.500305264464696,99881200,,0,0,-0.001122342208659255,-0.0
2016-08-30,24.357837677001953,24.472733137742527,24.242942216261376,24.31188019397196,99455600,0.34486008333333334,0,0,-0.007676323930628448,-0.0
2016-08-31,24.380815505981445,24.488817515541736,24.275111896436307,24.279708696466617,118649600,0.3512800833333333,0,0,0.0009433443675990194,0.0
2016-09-01,24.52558135986328,24.54166665131442,24.27051334316293,24.390003829204897,106806000,0.32466925,0,0,0.005937695309917723,0.0
2016-09-02,24.755374908447266,24.8174176812576,24.5462643438728,24.74847970865459,107210000,0.29542675,0,0,0.009369545423296044,0.0
2016-09-06,24.748485565185547,24.886361543018825,24.704826475159837,24.794444808851935,107521600,0.29707925,0,0,-0.0002782968663248564,-0.0
2016-09-07,24.900136947631836,24.99205363937736,24.603706537164182,24.77834807616417,169457200,0.29617258333333335,0,0,0.006127703533489015,0.0
2016-09-08,24.247535705566406,24.649669792324165,24.18319453219165,24.645074745582605,212008000,0.29547425,0,0,-0.026208741077927922,-0.0
2016-09-09,23.698333740234375,24.29349305410918,23.698333740234375,24.045318473346743,186228000,0.28894258333333334,0,0,-0.022649805407068735,-0.0
2016-09-12,24.229156494140625,24.29349767476154,23.56046403876107,23.588039581812467,181171200,0.2652305,0,0,0.022399159355454445,0.0
2016-09-13,24.805931091308594,24.998956391150816,24.64277973547516,24.704824270596696,248704800,0.251407375,0,0,0.02380498047084112,0.0
2016-09-14,25.683732986450195,25.97327006617872,24.9552961162342,24.985170060918605,443554800,0.26470654166666663,0,0,0.0353867747157115,0.0
2016-09-15,26.556934356689453,26.59370174236644,26.07896886188131,26.163992126385256,359934400,0.27133290530303034,0,0,0.03399822645329342,0.0
2016-09-16,26.40757751464844,26.68562437442032,26.205362094768695,26.453536759961526,319547600,0.2579041553030303,0,0,-0.00562402422037811,-0.0
2016-09-19,26.099645614624023,26.697101484311904,26.023814212054443,26.469609029768247,188092000,0.2258361553030303,0,0,-0.01166074017405061,-0.0
2016-09-20,26.09735107421875,26.22373676385673,25.853773294005933,25.97786058387813,138057200,0.22935532196969696,0,0,-8.791461919266386e-05,-0.0
2016-09-21,26.09275245666504,26.193859241372085,25.83768446569855,26.161688661715512,144012800,0.2258096553030303,0,0,-0.00017621012725133056,-0.0
2016-09-22,26.33863639831543,26.412169424031557,26.196165393980472,26.27659186692536,124296000,0.2031866553030303,0,0,0.009423457416336323,0.0
2016-09-23,25.89973258972168,26.37769809099076,25.63317605262211,26.292674825337507,209924800,0.16304665530303028,0,0,-0.01666387742919828,-0.0
2016-09-26,25.938796997070312,26.05599085073471,25.633176422623507,25.653856762770783,119477600,0.1645266553030303,0,0,0.0015082938487225306,0.0
2016-09-27,25.9870548248291,26.00773691969188,25.814711631356985,25.966374483131947,98429600,0.13531165530303027,0,0,0.001860449725723301,0.0
2016-09-28,26.18467140197754,26.3432276782273,26.06518090971355,26.124927032428232,118564400,0.1477374053030303,0,0,0.007604423759464574,0.0
2016-09-29,25.77793884277344,26.1502006685259,25.69061894678144,26.003134657820883,143548000,0.1153374053030303,0,0,-0.015533231368845102,-0.0
2016-09-30,25.977863311767575,26.05139633350615,25.690624671669156,25.842285761995047,145516400,0.1260594886363636,0,0,0.007755642148642217,0.0
2016-10-03,25.856067657470703,25.977858289988134,25.80091834011907,25.89972848333856,86807200,0.13521798863636364,0,0,-0.004688440032005969,-0.0
2016-10-04,25.966373443603516,26.267398981803996,25.88135017375477,25.980160337516345,118947200,0.13660715530303028,0,0,0.004266147025684397,0.0
2016-10-05,25.977863311767575,26.11803590838885,25.89513844316599,26.05828978036203,85812400,0.12100215530303027,0,0,0.0004424902918773732,0.0
2016-10-06,26.170881271362305,26.274286458543227,25.996239724432264,26.127220446338505,115117200,0.11134798863636361,0,0,0.007430093740900423,0.0
2016-10-07,26.20994758605957,26.32484302770025,26.083563652154005,26.267395306879912,97433600,0.1114946553030303,0,0,0.001492739747362526,0.0
2016-10-10,26.667232513427734,26.828085429296586,26.361610220111626,26.43054643269886,144944000,0.10080111363636361,0,0,0.01744699892537671,0.0
2016-10-11,26.72467803955078,27.273878061279515,26.701697550743265,27.046383844874192,256164000,0.09846689285714284,0,0,0.0021541615199147657,0.0
2016-10-12,26.96365737915039,27.110725135416832,26.828081619764593,26.96595577852652,150347200,0.10353064285714283,0,0,0.00894227197970121,0.0
2016-10-13,26.88093376159668,26.986637339689217,26.591396806634076,26.83727294012791,140769600,0.12893364285714287,0,0,-0.0030679672416278336,-0.0
2016-10-14,27.030303955078125,27.154391256136872,26.91540850074582,27.08775168224427,142608800,0.13317614285714283,0,0,0.005556733810149206,0.0
2016-10-17,27.01192283630371,27.07856065905746,26.83498284947801,26.96136855435351,94499600,0.12199139285714285,0,0,-0.0006800189448465943,-0.0
2016-10-18,26.9935359954834,27.163580762357235,26.9889391959335,27.156687316197736,98214000,0.10965689285714283,1,1,-0.0006806935193669483,-0.0
2016-10-19,26.913108825683594,27.060174850427877,26.150203164885628,26.942981009309204,80138400,0.13267689285714285,1,1,-0.002979497380901197,-0.002979497380901197
2016-10-20,26.89932632446289,26.97285935363023,26.731579923471312,26.85336883867044,96503200,0.13524189285714286,1,1,-0.0005121110797705608,-0.0005121110797705608
2016-10-21,26.793617248535156,26.864853616122776,26.720084234341584,26.84187312474044,92770800,0.13598022619047617,1,1,-0.003929803841652313,-0.003929803841652313
2016-10-24,27.034900665283203,27.05558100547493,26.885536224513917,26.908514964671,94154800,0.11480772619047619,1,1,0.009005257278624335,0.009005257278624335
2016-10-25,27.172779083251953,27.19805622730359,26.95677503523462,27.10384109889917,192516000,0.1176902261904762,1,1,0.005100015704729621,0.005100015704729621
2016-10-26,26.56153106689453,26.586808207839233,26.037608060341725,26.26739897571861,264536800,0.10975703174603176,1,1,-0.02249486570676784,-0.02249486570676784
2016-10-27,26.306467056274418,26.62357791599025,26.2191453787954,26.515575895844545,138248000,0.09307036507936509,1,1,-0.009602760096085627,-0.009602760096085627
2016-10-28,26.13182258605957,26.4742105513399,26.06977805853856,26.16629157321952,151446800,0.11099936507936507,0,0,-0.006638841690191577,-0.006638841690191577
2016-10-31,26.09045791625977,26.249014191708625,26.012328101848237,26.11573505446655,105677600,0.13532186507936506,0,0,-0.0015829232600816923,-0.0
2016-11-01,25.619384765625,26.143307692445184,25.398785730814676,26.072073080532085,175303200,0.1470601984126984,0,0,-0.018055380712240887,-0.0
2016-11-02,25.64236640930176,25.81700798909054,25.559643295891792,25.598707329228674,113326800,0.16730686507936507,0,0,0.0008970412009110529,0.0
2016-11-03,25.36751365661621,25.743995281827615,25.30284213936926,25.63313032716619,107730400,0.13789186507936507,0,0,-0.01071869687447602,-0.0
2016-11-04,25.13884925842285,25.464518779814153,24.97024164016342,25.067248907833218,123348000,,0,0,-0.009014064259061483,-0.0
2016-11-07,25.501476287841797,25.52457300582057,25.28205306162685,25.42525553256187,130240000,0.15033436507936507,0,0,0.014424965347108909,0.0
2016-11-08,25.651601791381836,25.804043277906732,25.337481542330245,25.47837379060337,97016800,0.15194722222222223,0,0,0.005886933832595975,0.0
2016-11-09,25.610027313232425,25.711654972155863,24.95638165489821,25.379056642709223,236705600,0.11366722222222221,0,0,-0.0016207361430107259,-0.0
2016-11-10,24.896324157714844,25.658526171411054,24.443621939128757,25.658526171411054,228538000,0.07723722222222222,0,0,-0.027868113797317906,-0.0
2016-11-11,25.044153213500977,25.145780885970577,24.609928929418658,24.74158215867854,136575600,0.07165722222222222,0,0,0.005937786431830405,0.0
2016-11-14,24.415910720825195,24.90094880333466,24.03942914141622,24.877852087437343,204702000,0.08017763888888887,0,0,-0.025085395673793642,-0.0
2016-11-15,24.73927116394043,24.870924388973247,24.51984970960792,24.614546777777782,129058000,0.10485513888888887,0,0,0.013243841149837898,0.0
2016-11-16,25.404468536376953,25.45990277692668,24.62147795082091,24.644574669966605,235362000,0.11936763888888886,0,0,0.026888317284225582,0.0
2016-11-17,25.39522361755371,25.487612234916195,25.13653760353833,25.362887865801788,110528000,,0,0,-0.00036390916070550006,-0.0
2016-11-18,25.42064094543457,25.531507684121493,25.328254052390335,25.34211173391357,113715600,,0,0,0.0010008704102644206,0.0
2016-11-21,25.80635643005371,25.86640754176656,25.409086554210305,25.434493471537493,117058400,0.15162330555555553,0,0,0.015173318621158227,0.0
2016-11-22,25.822525024414062,25.965725730957665,25.730136391767697,25.85716921976068,103862000,0.16462455555555552,0,0,0.000626535342336032,0.0
2016-11-23,25.69087028503418,25.755541795434127,25.482996314344,25.72089583995801,109705600,0.18438455555555555,0,0,-0.00509844561116346,-0.0
2016-11-25,25.82021141052246,25.83868948704222,25.626195131397736,25.66776992248401,45903600,0.20860899999999996,0,0,0.005034517089272272,0.0
2016-11-28,25.76940155029297,25.977275537742,25.727826752803164,25.73706579248608,108776000,0.22732566666666668,0,0,-0.001967832850849005,-0.0
2016-11-29,25.74399185180664,25.875645069280345,25.422942746701175,25.58693171849008,114115200,0.22235066666666664,0,0,-0.0009860414661448935,-0.0
2016-11-30,25.526880264282227,25.91491109975792,25.469137590920766,25.77632903612372,144649200,0.24581066666666668,0,0,-0.008433485714810729,-0.0
2016-12-01,25.288978576660156,25.62388711091311,25.18273227819017,25.49223389735613,148347600,0.25320316666666665,0,0,-0.009319653837799646,-0.0
2016-12-02,25.3836727142334,25.42755593587623,25.14115284667461,25.215063378151353,106112000,,0,0,0.0037444824940711108,0.0
2016-12-05,25.20121192932129,25.4137045395356,25.002576996505063,25.406775700836555,137298000,0.25262441666666663,0,0,-0.007188116036880632,-0.0
2016-12-06,25.39522361755371,25.489922434945992,25.21968718294793,25.29128752437486,104782000,0.28088316666666663,0,0,0.0076985062772592094,0.0
2016-12-07,25.64467430114746,25.681630455762416,25.212760257625455,25.23585697317658,119994800,0.2882756666666667,0,0,0.009822740187305223,0.0
2016-12-08,25.89643287658691,25.968033222389383,25.545356461588256,25.60540933086868,108273200,,0,0,0.009817187478500466,0.0
2016-12-09,26.319110870361328,26.492338897403197,25.94031905886977,25.94031905886977,137610400,0.2869744166666667,0,0,0.01632186161656901,0.0
2016-12-12,26.168983459472656,26.561632981285832,25.981895976722377,26.1666732588502,105497600,,0,0,-0.005704121679039442,-0.0
2016-12-13,26.605518341064453,26.774125983275574,26.272919933615857,26.293706452998,174935200,0.31871941666666664,0,0,0.016681384749539507,0.0
2016-12-14,26.605518341064453,26.838797504242407,26.55701470033933,26.570872379927422,136127200,0.3679469166666667,0,0,0.0,0.0
2016-12-15,26.75102424621582,26.961208412105787,26.61475239004523,26.64939658251813,186098000,0.3694394166666667,0,0,0.005469012228443759,0.0
2016-12-16,26.785675048828125,26.908089250165457,26.711764487898034,26.901160410416814,177404400,0.38035025,0,0,0.0012953075102239975,0.0
2016-12-19,26.94041633605957,27.11133412277138,26.73485259959323,26.74640183690014,111117600,0.40308025000000003,0,0,0.005777016519067146,0.0
2016-12-20,27.01202392578125,27.13905852160009,26.949662609212613,26.963520287968606,85700000,0.41265275,0,0,0.0026579986303267855,0.0
2016-12-21,27.03742790222168,27.115958851680656,26.97275639217693,26.977376792703833,95132800,0.38009024999999996,0,0,0.000940469196615279,0.0
2016-12-22,26.859582901000977,26.91039673692217,26.70945159364289,26.873440579100723,104343600,0.36843291666666667,0,0,-0.006577733720228962,-0.0
2016-12-23,26.91270637512207,26.91270637512207,26.697903544165595,26.697903544165595,56998000,,0,0,0.0019778220055350904,0.0
2016-12-27,27.083627700805664,27.20835210373758,26.905779255782328,26.912708095584083,73187600,0.37701124999999996,0,0,0.006350952717322889,0.0
2016-12-28,26.968141555786133,27.25916339201579,26.838796755295107,27.14367803289289,83623600,0.35425625000000005,0,0,-0.004264057470266258,-0.0
2016-12-29,26.961206436157227,27.048974654266903,26.884985693970066,26.896533169892574,60158000,0.35436125,0,0,-0.00025715971619921785,-0.0
2016-12-30,26.75102424621582,27.069763152131607,26.66094582145339,26.942730334675943,122345200,0.31665125,0,0,-0.007795726442698547,-0.0
2017-01-03,26.82724952697754,26.86882432713634,26.506200366593873,26.746410127270636,115127600,,0,0,0.002849434102415671,0.0
2017-01-04,26.797218322753903,26.910395228111543,26.73485701263493,26.75795372889505,84472400,0.2057304166666667,0,0,-0.00111942911603502,-0.0
2017-01-05,26.933488845825195,26.99123151091578,26.74871161266881,26.77411852628197,88774400,,0,0,0.0050852488280690444,0.0
2017-01-06,27.23376083374023,27.291503518813386,26.901162403825484,26.97276276942278,127007600,0.19858041666666668,0,0,0.011148648050532062,0.0
2017-01-09,27.48320960998535,27.584837305952856,27.240691374836096,27.242999813622983,134247600,0.14263041666666668,0,0,0.009159542002589616,0.0
2017-01-10,27.510910034179688,27.573271324741924,27.32382440032703,27.43237910892308,97848400,,0,0,0.0010079035377392742,0.0
2017-01-11,27.658740997314453,27.70031579330856,27.393124343028013,27.42546009967159,110354400,0.13716208333333335,0,0,0.00537353955034936,0.0
2017-01-12,27.543256759643555,27.554805999839203,27.303047013340542,27.462417364773945,108344800,0.13243033333333334,0,0,-0.0041753251777479905,-0.0
2017-01-13,27.494752883911133,27.62871631548386,27.441628846505868,27.510920762744625,104447600,0.12010433333333334,0,0,-0.001761007282315652,-0.0
2017-01-17,27.716480255126953,27.771912722230624,27.30535274662252,27.33306809909118,137759200,0.10662016666666667,0,0,0.008064352211202053,0.0
2017-01-18,27.714174270629883,27.831969823038612,27.649502755477368,27.716484471075795,94852000,0.11468766666666666,0,0,-8.319903811171425e-05,-0.0
2017-01-19,27.665668487548828,27.737268836316627,27.57097142261398,27.577900261247446,102389200,0.10420516666666665,0,0,-0.001750215705775493,-0.0
2017-01-20,27.716480255126953,27.820416351217133,27.654118949906113,27.820416351217133,130391600,0.070366,0,0,0.0018366361760242533,0.0
2017-01-23,27.734968185424805,27.903575846734448,27.66336605438663,27.716490102436435,88200800,0.04473900000000001,0,0,0.000667037449476604,0.0
2017-01-24,27.709556579589844,27.739582137747085,27.601000063085433,27.612549303543354,92844000,0.05908233333333333,0,0,-0.0009162298534135527,-0.0
2017-01-25,28.15070343017578,28.201517257365268,27.781150726297184,27.81348647775117,129510400,0.058501291666666656,0,0,0.01592038650343741,0.0
2017-01-26,28.164567947387695,28.280053298312307,28.086036992432323,28.102204871075102,105350400,0.046107958333333324,0,0,0.0004925105067552504,0.0
2017-01-27,28.166872024536133,28.259260643404502,28.086032643838685,28.210757014986036,82251600,0.06647295833333332,0,0,8.180765111465149e-05,0.0
2017-01-30,28.092967987060547,28.092967987060547,27.868927869296584,27.93128918822743,121510000,0.056730458333333324,0,0,-0.0026237928518014764,-0.0
2017-01-31,28.02829360961914,28.037532648919935,27.859685988337663,27.98210017528173,196804000,0.061311172619047616,0,0,-0.002302155381773696,-0.0
2017-02-01,29.73747444152832,30.1393646852649,29.33558595995814,29.340204598110404,447940000,0.05671935443722942,0,0,0.060980552570014446,0.0
2017-02-02,29.686664581298828,29.885299529573107,29.513436551675905,29.55963175020867,134841600,0.11462149729437228,0,0,-0.0017086138343522794,-0.0
2017-02-03,29.81369400024414,29.839100914486007,29.60120141037247,29.635845600551075,98029200,0.11057858062770562,0,0,0.004279006103815819,0.0
2017-02-06,30.09317398071289,30.141679383300826,29.77212481637751,29.82525062024371,107383600,0.12626524729437227,0,0,0.009374215099492877,0.0
2017-02-07,30.37958717346191,30.508930249612707,30.130138301884877,30.150924826766005,152735200,0.1537302472943723,0,0,0.009517546834128865,0.0
2017-02-08,30.49736976623535,30.538946325009864,30.307975624336265,30.338002943210455,92016400,0.14273024729437225,0,0,0.003877030721350039,0.0
2017-02-09,30.717742919921875,30.724701799268612,30.4161785029819,30.53912342425839,113399600,0.1537885806277056,0,0,0.007225972448630769,0.0
2017-02-10,30.64814567565918,30.83836445295684,30.63190947298958,30.72701886163841,80262000,0.1441453306277056,0,0,-0.002265701762142136,-0.0
2017-02-13,30.9195613861084,31.042509862449887,30.79429800251119,30.87084922455919,92141600,0.1600400806277056,0,0,0.008855860753258504,0.0
2017-02-14,31.320871353149418,31.337107558213077,30.910279778878657,30.961313919843978,132904800,0.16953924729437228,0,0,0.012979161056965172,0.0
2017-02-15,31.434534072875977,31.610835112221473,31.22807907123157,31.436856058938673,142492400,0.15242174729437227,0,0,0.0036289769350599244,0.0
2017-02-16,31.397415161132812,31.524996943849455,31.279107162422317,31.471644368916373,90338400,0.14529174729437228,0,0,-0.001180832254650599,-0.0
2017-02-17,31.483251571655273,31.508768642518707,31.339430012032164,31.339430012032164,88792800,0.16947091396103892,0,0,0.002733868698488129,0.0
2017-02-21,31.710588455200195,31.722187769254287,31.543568243739596,31.601561274396367,98028800,0.1938140806277056,0,0,0.007220883237790909,0.0
2017-02-22,31.805686950683594,31.80800539685262,31.57371490773195,31.647944120877995,83347600,0.20839095562770563,0,0,0.0029989508273475796,0.0
2017-02-23,31.6711368560791,31.891509548012344,31.61778428720537,31.868314471794633,83152800,0.21569095562770563,0,0,-0.004230378511022814,-0.0
2017-02-24,31.70130729675293,31.70130729675293,31.381184673536666,31.527328225807267,87106400,0.2139559556277056,0,0,0.0009526162831139384,0.0
2017-02-27,31.763933181762695,31.8822412003406,31.61315275526133,31.812648872873503,81029600,0.22973107467532466,0,0,0.0019754984999051928,0.0
2017-02-28,31.777854919433594,31.882241642274785,31.710581037424856,31.79873155607926,93931600,,0,0,0.0004382875883548465,0.0
2017-03-01,32.4273681640625,32.51087823553995,31.919352397154594,31.98662272769454,145658400,0.24163164285714284,0,0,0.020439178361019605,0.0
2017-03-02,32.23483657836914,32.54103783382449,32.188439338186164,32.47608594510328,104844000,0.2453745,0,0,-0.005937317660787866,-0.0
2017-03-03,32.425048828125,32.43664813710312,32.149001556661574,32.19307680701115,84432400,0.2716774166666666,0,0,0.005900828728987451,0.0
2017-03-06,32.32299041748047,32.42274025753969,32.15133333492442,32.32994929706446,87000000,0.29235675,0,0,-0.003147517562286817,-0.0
2017-03-07,32.36473846435547,32.47144361547035,32.195396334731704,32.25802977362833,69785200,0.28339174999999994,0,0,0.0012915898664012104,0.0
2017-03-08,32.244117736816406,32.429696100778216,32.20236446322176,32.232518425391376,74828800,0.29485799999999995,0,0,-0.0037269180367981436,-0.0
2017-03-09,32.169891357421875,32.195408431774,31.79177921516679,32.18381265766142,88623600,0.281418,0,0,-0.0023020130369323377,-0.0
2017-03-10,32.2765998840332,32.327634032414565,32.16061382673258,32.302116958223884,78451200,0.260743,0,0,0.0033170309910515172,0.0
2017-03-13,32.29051971435547,32.34387231304179,32.202372712094096,32.20933159280911,69686800,0.26560924999999996,0,0,0.00043126693555950446,0.0
2017-03-14,32.241798400878906,32.39489727278173,32.20700046756384,32.31370917427215,61236400,0.27249425,0,0,-0.0015088426543627964,-0.0
2017-03-15,32.58280563354492,32.650075991123266,32.25108366031842,32.33923419886781,102767200,0.29353725,0,0,0.010576557437215417,0.0
2017-03-16,32.63615417480469,32.71270538988306,32.5364043346917,32.64311305439243,76928000,0.29448975,0,0,0.0016373219009979678,0.0
2017-03-17,32.47377395629883,32.708064491516325,32.45057533159433,32.708064491516325,175540000,0.27455474999999996,0,0,-0.004975470382819092,-0.0
2017-03-20,32.81476974487305,32.82404707000738,32.529441557510076,32.56887638365337,86168000,0.291586,0,0,0.010500651665344085,0.0
2017-03-21,32.4389762878418,33.12561523319032,32.41345921630083,32.965553924398186,158119600,,0,0,-0.01145196080767763,-0.0
2017-03-22,32.80550003051758,32.84725685684694,32.420425423721646,32.44130560669333,103440800,0.29739266666666664,0,0,0.011298868972420495,0.0
2017-03-23,32.689491271972656,32.84259362956798,32.617580523905275,32.76836089632969,81385200,0.30320141666666667,0,0,-0.003536259421042298,-0.0
2017-03-24,32.624549865722656,32.87972054357027,32.557279526806106,32.82404597578188,89582400,0.2905189166666666,0,0,-0.001986614160180533,-0.0
2017-03-27,32.68022537231445,32.75909502423752,32.15596624451493,32.33458572413945,94300400,0.29337475,0,0,0.0017065524833583812,0.0
2017-03-28,33.35758972167969,33.4132607620524,32.61991658022014,32.68719047348844,133499200,0.29858375,0,0,0.020727040332441327,0.0
2017-03-29,33.43181610107422,33.51764818034316,33.21608375882161,33.32974781628725,116760000,0.30973875,0,0,0.0022251721426469473,0.0
2017-03-30,33.38773727416992,33.51996304887859,33.287990986256595,33.44805227580381,84829200,0.27905375,0,0,-0.0013184694116237239,-0.0
2017-03-31,33.325103759765625,33.466606844237894,33.17431981160958,33.3390215156789,78646800,0.25572,0,0,-0.0018759436702754373,-0.0
2017-04-03,33.33438491821289,33.431812760425096,33.183604492325316,33.33670690420712,79942800,0.2810075,0,0,0.00027850351237224125,0.0
2017-04-04,33.582603454589844,33.610438975195414,33.21144666165252,33.23000485526074,79565600,0.27988250000000003,0,0,0.00744632117814592,0.0
2017-04-05,33.40862274169922,33.74266313112356,33.359907043402615,33.455016453649634,110871600,0.26903875,0,0,-0.005180679726808024,-0.0
2017-04-06,33.325103759765625,33.524599853618135,33.276388074456776,33.47124373646739,84596000,,0,0,-0.002499922926464948,-0.0
2017-04-07,33.25087356567383,33.44572924266848,33.23463736239727,33.341342525679394,66688800,0.26263875000000003,0,0,-0.002227455753083585,-0.0
2017-04-10,33.21144104003906,33.376142768174915,33.14880758966482,33.311190871347144,75733600,0.20606875000000002,0,0,-0.0011859094636079703,-0.0
2017-04-11,32.854209899902344,33.25320219803737,32.490012001180624,33.15809278682316,121517600,,0,0,-0.01075626738707447,-0.0
2017-04-12,32.89364242553711,32.97483053167873,32.71038249584378,32.8472487163686,81400000,0.23322374999999998,0,0,0.0012002274824109982,0.0
2017-04-13,32.719669342041016,33.028192696843426,32.719669342041016,32.91916551358191,71291600,0.22775125000000002,0,0,-0.005288957703298625,-0.0
2017-04-17,32.90060806274414,32.912207377322055,32.677913257535224,32.81941640031257,66328400,0.23738,0,0,0.00552996788603366,0.0
2017-04-18,32.754459381103516,32.94931509303245,32.73358274188541,32.803175078892394,58790000,0.24847333333333332,0,0,-0.004442127068348012,-0.0
2017-04-19,32.63383102416992,32.94003587355813,32.58047843602977,32.91220035620032,69313600,0.21926583333333335,0,0,-0.0036828071417714936,-0.0
2017-04-20,33.042110443115234,33.153456073343605,32.745186402763736,32.75910416409056,93278400,0.19192833333333334,0,0,0.01251092520038255,0.0
2017-04-21,33.002681732177734,33.09778763210272,32.905253845191424,33.042116576461645,69283600,0.16940000000000002,0,0,-0.0011932867001754888,-0.0
2017-04-24,33.32046890258789,33.392379679912395,33.21376019004596,33.28799295348608,68537200,0.15028916666666667,0,0,0.009629131747203257,0.0
2017-04-25,33.52691650390625,33.61274502051574,33.37381411783619,33.38309498102285,75486000,0.15632916666666669,0,0,0.006195819210164988,0.0
2017-04-26,33.32975387573242,33.543171349784984,33.26016506855636,33.51301384026616,80164800,0.14625166666666664,0,0,-0.005880726554464255,-0.0
2017-04-27,33.355262756347656,33.441094830132606,33.24391715260922,33.38542025845693,56985200,0.16854666666666665,0,0,0.0007653486044434388,0.0
2017-04-28,33.322792053222656,33.473576047891505,33.23464505871015,33.424860347555175,83441600,0.18703416666666667,0,0,-0.0009734806576758848,-0.0
2017-05-01,34.00246810913086,34.14628966689208,33.626674470019,33.65915041982356,134411600,0.18167716666666667,0,0,0.02039673190717739,0.0
2017-05-02,34.218196868896484,34.35274108676933,34.06277601539148,34.22515574744054,181408800,0.15547216666666666,0,0,0.006344502965880183,0.0
2017-05-03,34.113826751708984,34.21357662540218,33.466625954880165,33.77282737866135,182788000,0.16451616666666666,0,0,-0.0030501349205331874,-0.0
2017-05-04,33.99085998535156,34.13236305987673,33.82383984690835,33.98854153939979,93487600,0.18278616666666667,0,0,-0.003604601947838071,-0.0
2017-05-05,34.5545654296875,34.55920232314661,34.04422398011978,34.04422398011978,109310800,0.16149416666666666,0,0,0.01658403007687559,0.0
2017-05-08,35.49404525756836,35.65410655266246,34.57079740742947,34.57079740742947,195009600,0.14664916666666666,0,0,0.027188298165477853,0.0
2017-05-09,35.72138214111328,35.927837152275686,35.596115234791384,35.693543084367825,156521600,0.15411916666666664,0,0,0.006404930232528194,0.0
2017-05-10,35.552032470703125,35.70977529359681,35.28526604884279,35.63786452977076,103222800,,0,0,-0.004740848765066197,-0.0
2017-05-11,35.85950469970703,35.88745866350472,35.47750036721987,35.51011036313134,109020400,0.14954083333333332,0,0,0.0086485133939187,0.0
2017-05-12,36.360313415527344,36.4348490422703,36.02722222619589,36.03420983013355,130108000,0.17636083333333336,0,0,0.01396585703049058,0.0
2017-05-15,36.26713562011719,36.488418014695846,36.11573281178005,36.339343222684846,104038800,,0,0,-0.0025626235490688876,-0.0
2017-05-16,36.21355438232422,36.35098195227222,36.03885723449191,36.323031545970274,80194000,0.2090104166666667,0,0,-0.001477404732323162,-0.0
2017-05-17,34.99766159057617,36.00391885780957,34.871881209283266,35.7779769312564,203070800,0.1918929166666667,0,0,-0.03357562692994098,-0.0
2017-05-18,35.53108596801758,35.717430392154036,35.202657874551576,35.23526788220863,134272800,0.21527125000000003,0,0,0.015241714823170938,0.0
2017-05-19,35.652191162109375,35.86648589039377,35.552033176222885,35.726730313280825,107843200,,0,0,0.003408429289237125,0.0
2017-05-22,35.86882781982422,36.00625542098801,35.617263443297745,35.87115583613732,91865600,0.22124000000000002,0,0,0.00607639111800462,0.0
2017-05-23,35.8245735168457,36.08079394664311,35.71043673228656,36.08079394664311,79675600,0.21965099999999999,0,0,-0.0012337816892376008,-0.0
2017-05-24,35.7174186706543,35.910750636254875,35.561356288494984,35.83388345324093,76712000,0.226741,0,0,-0.0029910990047381514,-0.0
2017-05-25,35.840877532958984,35.95268630348867,35.64521751586766,35.808267530110435,76942400,0.21483600000000003,0,0,0.003456544926806915,0.0
2017-05-26,35.78031921386719,35.92706601240738,35.71043961674214,35.871161623862555,87710400,0.231881,0,0,-0.001689643872031521,-0.0
2017-05-30,35.79428482055664,35.97131000545862,35.71508962369705,35.736052430944056,80507600,,1,0,0.00039031531848499057,0.0
2017-05-31,35.58230972290039,35.91074117628955,35.493798928322654,35.86415598637145,97804800,0.30091300000000004,1,1,-0.005922037518529044,-0.0
2017-06-01,35.68014907836914,35.71509064567033,35.45653868622317,35.6778210622383,65616400,0.3031615,1,1,0.002749662858613666,0.002749662858613666
2017-06-02,36.208892822265625,36.208892822265625,35.612593825519774,35.77331576143785,111082800,0.3199365,1,1,0.014818989201394128,0.014818989201394128
2017-06-05,35.85485076904297,35.97597515334423,35.74537712953291,35.9503527557848,101326800,0.327906,1,1,-0.00977776522912488,-0.00977776522912488
2017-06-06,35.97595977783203,36.292744033076985,35.81989744274973,35.847847844787744,106499600,0.290051,0,0,0.003377757993449082,0.003377757993449082
2017-06-07,36.19027328491211,36.33236049277959,35.98296606893075,36.1087500518817,84278400,0.2734567142857143,0,0,0.005957131050945197,0.0
2017-06-08,36.10176086425781,36.22986930400423,35.964329695695085,36.162321282214734,85003200,0.26422421428571424,0,0,-0.0024457516514858613,-0.0
2017-06-09,34.70183181762695,36.14832540569945,34.01236256939588,36.14832540569945,259530800,0.2574704642857143,0,0,-0.03877730651129663,-0.0
2017-06-12,33.87260437011719,34.02866669435832,33.19477873400552,33.9471435093366,289229200,0.2897121309523809,0,0,-0.023895783135245208,-0.0
2017-06-13,34.145145416259766,34.345464992166164,33.80972626086085,34.27791697953152,136661600,0.26984213095238097,0,0,0.008046061152091832,0.0
2017-06-14,33.81206512451172,34.35711959249069,33.50459631433445,34.35711959249069,126124800,0.27500713095238094,0,0,-0.009754835941903295,-0.0
2017-06-15,33.60940170288086,33.653658884077664,33.12491138825977,33.383463319368175,128661600,0.2537021309523809,0,0,-0.005993819687870494,-0.0
2017-06-16,33.13889694213867,33.65832898246392,33.122590163247764,33.490619377244535,201444400,0.2522723809523809,0,0,-0.013999200726678152,-0.0
2017-06-19,34.086910247802734,34.180084202396955,33.462660746024724,33.462660746024724,130165600,0.27830113095238096,0,0,0.028607267988409957,0.0
2017-06-20,33.77711868286133,34.21036786392435,33.76081545970131,34.21036786392435,99600400,0.28057613095238093,0,0,-0.00908828528867256,-0.0
2017-06-21,33.97743606567383,34.0240248241865,33.68394607984964,33.895912846723185,85063200,0.2670011309523809,0,0,0.005930564554464057,0.0
2017-06-22,33.921539306640625,34.17077213427442,33.8027429341119,33.954149308972816,76425200,0.22938946428571425,0,0,-0.0016451140964598432,-0.0
2017-06-23,34.07293701171875,34.27791616944567,33.80040984295354,33.805069429508194,141757600,0.20702821428571427,0,0,0.004463173198289594,0.0
2017-06-26,33.965789794921875,34.538794516247314,33.86330022090321,34.28024256514496,102769600,0.19865946428571427,0,0,-0.003144642821956478,-0.0
2017-06-27,33.478965759277344,34.04498645679737,33.453343364669884,33.777115321496986,99047600,0.1903844642857143,0,0,-0.014332775377339124,-0.0
2017-06-28,33.96812057495117,34.033340572047614,33.34619903206657,33.65599579538631,88329600,0.2109069642857143,0,0,0.014610810238015803,0.0
2017-06-29,33.467323303222656,33.80507406742153,33.14122328412042,33.707244061690865,125997600,0.22942946428571426,0,0,-0.014743155148177811,-0.0
2017-06-30,33.54652404785156,33.765478453977096,33.490619660897,33.64668207597664,92096400,0.26377446428571427,0,0,0.002366509682036,0.0
2017-07-03,33.42538833618164,33.844662210824964,33.332217943693195,33.7468322324453,57111200,0.22902874999999998,0,0,-0.0036109765499737767,-0.0
2017-07-05,33.56283187866211,33.72588192020931,33.24371940061799,33.46966144184209,86278400,0.21337625,0,0,0.0041119505059479255,0.0
2017-07-06,33.24603271484375,33.42538945833917,33.17149710919521,33.31358427275497,96515200,0.2001175,0,0,-0.009438987894813677,-0.0
2017-07-07,33.58378982543945,33.716561410596704,33.285640205766555,33.285640205766555,76806800,,0,0,0.010159320767464175,0.0
2017-07-10,33.78876876831055,33.99607597971886,33.3951171574487,33.567486348932384,84362400,0.2214370833333333,0,0,0.0061035083871274765,0.0
2017-07-11,33.89822769165039,33.97276683292953,33.63036020539998,33.71188339267442,79127200,0.20545958333333333,0,0,0.003239506123777547,0.0
2017-07-12,33.9471549987793,34.0496410185598,33.73286023232792,33.97743342439088,99538000,0.22578333333333336,0,0,0.0014433588556299615,0.0
2017-07-13,34.420013427734375,34.587723050581054,33.87728694744223,33.89126215697542,100797600,0.24397708333333332,0,0,0.01392925059469885,0.0
2017-07-14,34.7158317565918,34.783383342119265,34.317524065140596,34.466598891604804,80528400,,0,0,0.008594369943477842,0.0
2017-07-17,34.836944580078125,35.149069338854716,34.60634658935384,34.66457897961319,95174000,0.2203288333333333,0,0,0.0034886913940448405,0.0
2017-07-18,34.958065032958984,34.9697122205514,34.62963353565519,34.75308590484496,71475200,,0,0,0.0034767817425103154,0.0
2017-07-19,35.177024841308594,35.27019524810859,34.927788494072644,35.05124088248308,83692000,0.19276883333333333,0,0,0.006263499085065849,0.0
2017-07-20,35.018638610839844,35.34474221503444,34.98370058913727,35.28883782608634,68974800,0.19467883333333333,0,0,-0.0045025476481671545,-0.0
2017-07-21,35.0023193359375,35.04191692711851,34.67854745113062,34.93709935584852,105010400,0.19928258333333332,0,0,-0.00046601682845814896,-0.0
2017-07-24,35.42625427246094,35.50778103634165,34.916137991215166,35.074531932811816,85972800,0.19931333333333331,0,0,0.012111624159950374,0.0
2017-07-25,35.577659606933594,35.833879971192886,35.35870526827125,35.35870526827125,75415600,0.1952428333333333,0,0,0.004273817189596407,0.0
2017-07-26,35.745384216308594,35.854857877522576,35.652210227518474,35.719761813669344,63124000,,0,0,0.0047143238545772626,0.0
2017-07-27,35.06986999511719,35.8688201432187,34.31052099542662,35.8129157756585,129905200,0.19496366666666665,0,0,-0.018897942657536415,-0.0
2017-07-28,34.82297897338867,34.99301660463119,34.750771358240094,34.913821385063336,68854800,,0,0,-0.007039975390923603,-0.0
2017-07-31,34.64361572265625,35.01630447540552,34.503860106042794,34.91614290698702,79383600,0.16378199999999998,0,0,-0.005150715304095277,-0.0
2017-08-01,34.95108413696289,34.99068173899618,34.56907976850981,34.72980174714236,141474400,0.16313499999999997,0,0,0.008875182566626894,0.0
2017-08-02,36.60254669189453,37.21049291549977,36.37427674462184,37.101015750596794,279747200,0.18389022727272725,0,0,0.04725068179459191,0.0
2017-08-03,36.23685836791992,36.618862756994176,36.10874638135342,36.5815931692251,108389200,0.17244772727272722,0,0,-0.009990789085055352,-0.0
2017-08-04,36.4278564453125,36.66311403882336,36.264806452076094,36.35332082878584,82239600,0.16455272727272724,0,0,0.005270823299672767,0.0
2017-08-07,36.99153900146485,37.017161392564645,36.49306993715997,36.583912313927875,87481200,,0,0,0.015473942503275717,0.0
2017-08-08,37.2873649597168,37.694991695930675,36.86576301836556,36.94263020084409,144823600,0.19162772727272726,0,0,0.007997124916598652,0.0
2017-08-09,37.51564025878906,37.564557037932225,37.06142825627505,37.096366274074754,104526000,0.21143772727272725,0,0,0.006122054999565751,0.0
2017-08-10,36.32069778442383,37.41508737748859,36.15934464919948,37.391701520605345,163217200,0.16618772727272726,0,0,-0.03185184808582031,-0.0
2017-08-11,36.8257942199707,37.080687183177005,36.49607651485307,36.620013691083315,105028400,0.16472272727272724,0,0,0.013906573010926238,0.0
2017-08-14,37.380008697509766,37.464192779037646,37.122778568346675,37.25607151750768,88490800,0.11840772727272726,0,0,0.015049627286477074,0.0
2017-08-15,37.78923797607422,37.92954240651041,37.44782374913631,37.56942377672551,117862000,0.11409272727272726,0,0,0.010947811218452674,0.0
2017-08-16,37.63723373413086,38.00203021658341,37.450157608514594,37.86874084100128,110686400,0.10284472727272727,0,0,-0.00402242146400511,-0.0
2017-08-17,36.9146614074707,37.58111909094803,36.90998352237161,37.53668810295876,111762400,0.08129972727272727,0,0,-0.019198337788701503,-0.0
2017-08-18,36.830474853515625,37.29816342308408,36.64807659683838,36.91465893876517,109712400,,0,0,-0.002280572291475491,-0.0
2017-08-21,36.76265335083008,36.92166571615837,36.271579035448326,36.8304666082366,105474000,0.10830222727272727,0,0,-0.0018414506724468982,-0.0
2017-08-22,37.363643646240234,37.415089680004726,36.95207894430535,37.001184251328986,86418400,,0,0,0.016347848716871338,0.0
2017-08-23,37.410396575927734,37.524981526004055,37.153170079927605,37.197601051756784,77596400,0.10571972727272727,0,0,0.0012512947112481854,0.0
2017-08-24,37.24437713623047,37.588128491701816,37.07600897974734,37.515633772181886,79275600,0.09483272727272726,0,0,-0.004437788820557231,-0.0
2017-08-25,37.382347106933594,37.54603739088878,37.2443798367557,37.33323823765675,101920400,,0,0,0.003704451015477117,0.0
2017-08-28,37.75883865356445,37.88277584463874,37.39871644056381,37.44782531258418,103864000,0.1167190606060606,0,0,0.010071372606805351,0.0
2017-08-29,38.0955696105957,38.14467490747576,37.41508195124418,37.43846780473582,118067600,0.1563782272727273,0,0,0.008917937337022952,0.0
2017-08-30,38.198455810546875,38.32473012280656,38.02540979846239,38.30368499879323,109078400,0.16231272727272728,0,0,0.0027007392461342317,0.0
2017-08-31,38.3504638671875,38.47206389805211,38.22886383632289,38.26627977938596,107140400,0.16766,0,0,0.0039794293621329135,0.0
2017-09-01,38.36214828491211,38.570269515780986,38.26393413229555,38.537531464908795,66364400,0.16401500000000002,0,0,0.0003046747430506258,0.0
2017-09-05,37.90148162841797,38.40892329182387,37.546037320934275,38.29200115090507,117874000,0.14415666666666668,1,1,-0.012008364418822692,-0.0
2017-09-06,37.86172866821289,38.11428092170984,37.53668525798803,38.04880480800848,86606800,0.12455250000000002,1,1,-0.0010488497677956232,-0.0010488497677956232
2017-09-07,37.70973587036133,37.93890588588504,37.49927739784833,37.90382709501198,87714000,0.1702991666666667,1,1,-0.004014417809168003,-0.004014417809168003
2017-09-08,37.09471893310547,37.68400394413304,37.07133307805082,37.61619067356338,114446000,0.1608541666666667,1,1,-0.016309234818566942,-0.016309234818566942
2017-09-11,37.76584243774414,37.89445747547147,37.38935309176762,37.53199821212343,126323200,0.19212791666666668,1,1,0.018092157696327105,0.018092157696327105
2017-09-12,37.61619186401367,38.341110575483285,37.127458164256865,38.02541936315735,286856000,0.18276691666666667,1,1,-0.003962590639336683,-0.003962590639336683
2017-09-13,37.3332405090332,37.40573523822023,36.92635371675804,37.38468653971778,179629600,0.19831763095238092,0,0,-0.0075220627330743195,-0.0075220627330743195
2017-09-14,37.01287841796875,37.274782912667305,36.96844742657929,37.178909453974455,95042800,0.2577338809523809,0,0,-0.00858114877509597,-0.0
2017-09-15,37.38703536987305,37.64192485194192,36.94740685534577,37.057313983977586,196458400,0.2389155476190476,0,0,0.010108831517482209,0.0
2017-09-18,37.10407638549805,37.532011902663406,36.94740112536336,37.44081276413184,113077600,,0,0,-0.007568371805243834,-0.0
2017-09-19,37.11809921264648,37.361299246612795,37.05028594574414,37.30049745403106,83242400,0.24359638095238095,0,0,0.00037793225204518777,0.0
2017-09-20,36.49607849121094,37.00819446712363,35.97226601948196,36.92401038359898,211805600,0.23039263095238094,0,0,-0.01675788185898297,-0.0
2017-09-21,35.869361877441406,36.43292725866661,35.719701731408506,36.43292725866661,150046800,0.2504976309523809,0,0,-0.017172163138580943,-0.0
2017-09-22,35.51860809326172,35.60747006284747,35.20759476789218,35.43676116672952,186581600,0.22424763095238093,0,0,-0.009778645780712414,-0.0
2017-09-25,35.20524978637695,35.50457011741615,34.88020644713065,35.07429758756978,177549200,0.22943221428571423,0,0,-0.008822370123907297,-0.0
2017-09-26,35.810909271240234,35.99330750572114,35.47183581320164,35.492880939907856,146640000,0.19360471428571427,0,0,0.01720366958162156,0.0
2017-09-27,36.065792083740234,36.18037703301019,35.904439005361155,35.96524078456459,102016800,0.20387388095238093,0,0,0.007117462742134206,0.0
2017-09-28,35.84365463256836,36.07749893657425,35.70802450806324,35.98629980073919,88022000,0.20589054761904757,0,0,-0.006159228408351591,-0.0
2017-09-29,36.04008102416992,36.042421750717985,35.544332268557866,35.8272854309584,105199200,0.21749554761904757,0,0,0.005480088278249529,0.0
2017-10-02,35.96759033203125,36.11725053764211,35.71270090763132,36.07281955082032,74795200,0.18998054761904756,0,0,-0.002011390931392687,-0.0
2017-10-03,36.12425994873047,36.26690508872704,35.99097057722756,36.0143528621013,64921200,0.19475221428571426,0,0,0.004355855236698902,0.0
2017-10-04,35.89042663574219,35.979288622629504,35.65190798912038,35.92550542602042,80655200,0.19357638095238092,0,0,-0.0064730270826350855,-0.0
2017-10-05,36.33706283569336,36.34875576342897,36.023712354190145,36.05410968448605,85135200,0.19278971428571426,0,0,0.012444438303399252,0.0
2017-10-06,36.316009521484375,36.36044049595715,36.14296350726929,36.23884049763899,69630400,,0,0,-0.000579389542412434,-0.0
2017-10-09,36.44228744506836,36.65040868701951,36.36044409761978,36.435272402949344,65051600,0.2118222142857143,0,0,0.0034771971163098936,0.0
2017-10-10,36.45631790161133,36.94739226403833,36.2692453522869,36.49373383874828,62468000,0.19235596428571428,0,0,0.00038500482616843357,0.0
2017-10-11,36.60831451416016,36.70886581921877,36.42123841859882,36.47268443408268,67622400,0.18152946428571426,0,0,0.004169280423740096,0.0
2017-10-12,36.47970199584961,36.80006746771351,36.41656305099716,36.5615489083687,64500400,,0,0,-0.00351320512887332,-0.0
2017-10-13,36.71121597290039,36.77902924626432,36.575585857991875,36.65041417452515,65576800,,0,0,0.0063463779686885324,0.0
2017-10-16,37.38703536987305,37.41509554971723,36.86555990655813,36.92402099335457,96486000,0.17436625,0,0,0.01840907142578807,0.0
2017-10-17,37.52499771118164,37.61853401040195,37.235029474508934,37.36364456207268,75989200,0.13021999999999997,0,0,0.003690111824693254,0.0
2017-10-18,37.35895919799805,37.58111410849137,37.32154682670793,37.513297272178555,65496800,0.12862999999999997,0,0,-0.0044247441255437225,-0.0
2017-10-19,36.47502899169922,36.73225912130419,36.2505404860262,36.6550900824227,170336800,0.09937,0,0,-0.023660461246098996,-0.0
2017-10-20,36.53816986083984,36.8889362915039,36.47035658757761,36.622353946926445,95896400,,0,0,0.0017310711159403969,0.0
2017-10-23,36.51945877075195,36.87490305589213,36.36278353995117,36.687826928545704,87937200,0.09587124999999999,0,0,-0.0005120970798249136,-0.0
2017-10-24,36.73694610595703,36.811774436990184,36.52648406555226,36.54752919913833,71028800,0.10634874999999999,0,0,0.0059553822133657786,0.0
2017-10-25,36.575584411621094,36.84216674605642,36.30900207718577,36.69250655072747,84828400,0.10792074999999998,0,0,-0.004392354603197979,-0.0
2017-10-26,36.809425354003906,36.90763951377101,36.66210233026315,36.76733153228646,68002000,0.11753450000000001,0,0,0.006393361750592241,0.0
2017-10-27,38.12831497192383,38.25693005441655,37.11109080914975,37.24905809392333,177816800,0.1389395,0,0,0.035830214822314854,0.0
2017-10-30,38.986515045166016,39.30220622127214,38.28498226997927,38.32473536572489,178803200,0.14826783333333332,0,0,0.02250820876490689,0.0
2017-10-31,39.52903366088867,39.67167880770274,39.03796283690773,39.26245133696177,144187200,0.11782216666666667,0,0,0.013915545287752629,0.0
2017-11-01,39.02627182006836,39.73949758904946,38.726951426558344,39.723126776691934,134551200,0.11549341666666665,0,0,-0.012718799177672824,-0.0
2017-11-02,39.311561584472656,39.40276070985727,38.64978185178716,38.95845801043078,165573600,0.13315441666666666,0,0,0.007310197748830127,0.0
2017-11-03,40.33814239501953,40.74970708505547,40.015436114041485,40.6889088506284,237594400,0.14010751190476192,0,0,0.026113966710301195,0.0
2017-11-06,40.747371673583984,40.9204177503154,40.15574584521254,40.30774322188749,140105200,0.1358337619047619,0,0,0.010144970845632706,0.0
2017-11-07,40.878318786621094,40.98121084266993,40.59536920066739,40.66786035792527,97446000,0.11799751190476189,0,0,0.0032136333623207225,0.0
2017-11-08,41.21270751953125,41.21270751953125,40.76606419319068,40.84323321566154,97638000,0.1094675119047619,0,0,0.008180099936487606,0.0
2017-11-09,41.12853240966797,41.179978435848625,40.48779780880557,40.94847131803568,117930400,,0,0,-0.0020424552263009765,-0.0
2017-11-10,40.99242401123047,41.1590519185458,40.89855145395975,41.09568597283338,100582000,,0,0,-0.0033093424555432627,-0.0
2017-11-13,40.8281364440918,40.95251916711589,40.694364318759625,40.7178342435221,67928400,0.1569525119047619,0,0,-0.004007754386363249,-0.0
2017-11-14,40.21091079711914,40.71313635100176,40.173360352845734,40.60987441975361,99130000,,0,0,-0.015117654165231253,-0.0
2017-11-15,39.68051528930664,39.97152579556087,39.51623660876259,39.88938466478551,116632400,0.1485650119047619,0,0,-0.013190338077358366,-0.0
2017-11-16,40.15459060668945,40.33529541389406,39.96684195746964,40.17336224870456,94550000,,0,0,0.011947307486467329,0.0
2017-11-17,39.93163299560547,40.22264355124314,39.8119449896856,40.140502406528725,87598000,0.1495450119047619,0,0,-0.005552481241007601,-0.0
2017-11-20,39.891746520996094,40.0278642207708,39.7931792724023,39.964498282029034,65049600,0.1854650119047619,0,0,-0.0009988691074508393,-0.0
2017-11-21,40.63335037231445,40.76477336576597,40.07949377062023,40.07949377062023,100525200,0.2002916785714286,0,0,0.01859040819203117,0.0
2017-11-22,41.06048583984375,41.06987166343731,40.61223666681788,40.68498843794602,102355600,0.19759167857142856,0,0,0.010511943111152444,0.0
2017-11-24,41.06282043457031,41.18720315476792,40.987719541843184,41.09333061986667,56106800,,0,0,5.685745501571304e-05,0.0
2017-11-27,40.85630416870117,41.088643570207566,40.6802904472289,41.08160330782934,82867200,,0,0,-0.00502927620858884,-0.0
2017-11-28,40.616920471191406,41.03935045872337,40.33295014480965,40.90558191760696,105715200,0.20789167857142857,0,0,-0.0058591618204455465,-0.0
2017-11-29,39.77439498901367,40.58171160051292,39.22992789491412,40.51365455662821,166665600,0.16312417857142858,0,0,-0.020743214217220585,-0.0
2017-11-30,40.33061599731445,40.3986730671395,39.530339341152285,39.99736016821377,166108800,0.15759051190476192,0,0,0.01398439896959891,0.0
2017-12-01,40.142860412597656,40.2883639320464,39.54441308882042,39.8847055416324,159037200,,0,0,-0.004655410785922465,-0.0
2017-12-04,39.84949493408203,40.51130446002908,39.80959893260714,40.47844871875522,130169600,0.15170551190476192,0,0,-0.007308036236091442,-0.0
2017-12-05,39.81194305419922,40.253151776230816,39.52093251270924,39.67582539355102,109400800,0.14521301190476193,0,0,-0.0009423426807524393,-0.0
2017-12-06,39.664093017578125,39.94336861701715,39.06564939707431,39.30972011347895,114240000,0.1911970119047619,0,0,-0.003713710642552992,-0.0
2017-12-07,39.736846923828125,39.999692852259344,39.64062526038198,39.66878630099756,102693200,0.15523826190476192,0,0,0.0018342511000506434,0.0
2017-12-08,39.748592376708984,40.13113002521119,39.61951850751654,40.011441979211334,93420800,0.14995392857142859,0,0,0.0002955808975828589,0.0
2017-12-11,40.52303695678711,40.57466791579348,39.61245849540966,39.708680153649446,141095200,0.15596875000000002,0,0,0.019483572468139032,0.0
2017-12-12,40.2953987121582,40.45733187455196,40.23907662506999,40.401006206456174,77636800,,0,0,-0.005617502085829673,-0.0
2017-12-13,40.42917251586914,40.72721978848541,40.36580658424659,40.48314904524731,95273600,0.15431166666666668,0,0,0.0033198282679003377,0.0
2017-12-14,40.417442321777344,40.631006485435535,40.28367018157118,40.45968389383731,81906000,0.13992416666666668,0,0,-0.0002901418298183467,-0.0
2017-12-15,40.8281364440918,40.87507271260901,40.47376349862797,40.74834442951177,160677200,0.13430416666666667,0,0,0.010161309046841094,0.0
2017-12-18,41.40312194824219,41.58617593823136,41.037013968263835,41.041708670342864,117684400,0.11324666666666668,0,0,0.014083070015643573,0.0
2017-12-19,40.96190643310547,41.161390057598894,40.856298929965135,41.076903338885046,109745600,0.10851416666666665,0,0,-0.010656575986909389,-0.0
2017-12-20,40.91731262207031,41.16842359604026,40.65915780676729,41.039346188388755,93902400,0.12347416666666666,0,0,-0.0010886654191250011,-0.0
2017-12-21,41.07221603393555,41.3092501496558,40.85865542904056,40.87508151510548,83799600,0.08521166666666666,0,0,0.003785767000291207,0.0
2017-12-22,41.07221603393555,41.16843773277232,40.95252798629055,40.99476956275048,65397600,0.09726166666666666,0,0,0.0,0.0
2017-12-26,40.03020477294922,40.24141974875791,39.82133177595065,40.08418129681013,132742000,0.06727666666666665,0,0,-0.025370222539864318,-0.0
2017-12-27,40.03725051879883,40.079492087345024,39.82838107419101,39.9199080537156,85992800,0.06992666666666666,0,0,0.00017601073713136017,0.0
2017-12-28,40.14990234375,40.33061076093898,40.00908993900386,40.13112711771664,65920800,0.04908333333333333,0,0,0.0028136753521144087,0.0
2017-12-29,39.71572494506836,40.03489655488634,39.71337938521208,40.018470473877514,103999600,0.025443333333333335,0,0,-0.010813909208654104,-0.0
2018-01-02,40.42682266235352,40.436212064432425,39.72276790875693,39.9339864834405,102223600,0.03401,0,0,0.01790468934581191,0.0
2018-01-03,40.41978454589844,40.964255303118776,40.35642219303837,40.490190741195256,118071600,0.0495125,0,0,-0.00017409521677891338,-0.0
2018-01-04,40.60752868652344,40.710790617330794,40.38457874373889,40.4925317943048,89738400,,0,0,0.004644857530395896,0.0
2018-01-05,41.069862365722656,41.15669464308769,40.61222747270617,40.703754451309464,94640000,0.006114166666666669,0,0,0.011385417782211693,0.0
2018-01-08,40.91731262207031,41.213014298775086,40.81874181549477,40.91731262207031,82271200,0.02266916666666667,0,0,-0.0037143962717455237,-0.0
2018-01-09,40.912620544433594,41.083939525023105,40.69671085825055,40.964251510804274,86336000,0.04548750000000001,0,0,-0.00011467218485383679,-0.0
2018-01-10,40.90323257446289,40.90558171547584,40.6004906074266,40.63804105355738,95839600,,0,0,-0.00022946391225431295,-0.0
2018-01-11,41.13556671142578,41.18485211334439,40.950167226318456,40.97363356641674,74670800,,0,0,0.005680092313973928,0.0
2018-01-12,41.56034851074219,41.62371443707862,41.22240167829111,41.34678439009499,101672400,0.06334500000000001,0,0,0.010326387437332052,0.0
2018-01-16,41.34913635253906,42.100127375338886,41.33740139041563,41.750445557703614,118263600,0.06858666666666668,0,0,-0.0050820593611848874,-0.0
2018-01-17,42.032081604003906,42.06728291881285,41.08630141537823,41.33975804401989,137547200,0.07601916666666668,0,0,0.01651655419455711,0.0
2018-01-18,42.06962203979492,42.266760115574634,41.83259153401056,42.0954375270394,124773600,0.0725241666666667,0,0,0.0008931376786116552,0.0
2018-01-19,41.881866455078125,42.14471238225326,41.635446607847854,41.917067755679376,129700400,0.09211666666666668,0,0,-0.004462972938981791,-0.0
2018-01-22,41.53923034667969,41.72228429562512,41.44535781219759,41.60963653804508,108434400,0.11020750000000001,0,0,-0.008181013345380461,-0.0
2018-01-23,41.54861831665039,42.111864295697394,41.496990926720386,41.60963869012665,130756400,0.1082675,0,0,0.00022600250154747314,0.0
2018-01-24,40.88680648803711,41.60963646144299,40.64742687023852,41.59790149940242,204420400,0.089535,0,0,-0.01592861220003705,-0.0
2018-01-25,40.15693283081055,41.05812197499376,40.02081516095881,40.95486004745056,166116000,0.089535,0,0,-0.017851080089615556,-0.0
2018-01-26,40.25081253051758,40.36580943959557,39.91052008574584,40.36580943959557,156572000,0.06242000000000001,0,0,0.00233782047305664,0.0
2018-01-29,39.41768264770508,39.93398878050645,39.20881320203056,39.93398878050645,202561600,0.11016166666666667,0,0,-0.020698461234312515,-0.0
2018-01-30,39.18532943725586,39.279201944245386,38.652593828523464,38.847382682483,184192800,0.11731666666666667,0,0,-0.005894644099854185,-0.0
2018-01-31,39.293304443359375,39.53033856476868,39.075049131061,39.16188142765172,129915600,0.13354166666666667,0,0,0.0027554956830566635,0.0
2018-02-01,39.37543869018555,39.57257317905928,39.13605905026289,39.23228073447791,188923200,0.11593666666666669,0,0,0.002090286067555569,0.0
2018-02-02,37.66692733764648,39.145442958690175,37.573054807837266,38.95769431806428,346375200,0.08869777777777778,0,0,-0.04339028108313936,-0.0
2018-02-05,36.72583770751953,38.460158806094434,36.610840828574936,37.338365380007126,290954000,0.12670611111111113,0,0,-0.024984507541350953,-0.0
2018-02-06,38.260684967041016,38.422618146423986,36.141480273828954,36.33626920112963,272975200,0.1581161111111111,0,0,0.04179202859155562,0.0
2018-02-07,37.44163131713867,38.34751526986964,37.33133269703871,38.27476351616194,206434400,0.13761111111111113,0,0,-0.021407187315331755,-0.0
2018-02-08,36.411346435546875,37.7842539912332,36.383185404580914,37.61762620233731,217562000,,0,0,-0.027517093816374127,-0.0
2018-02-09,36.85673141479492,37.205480239983814,35.40282207384346,37.012255851452416,282690400,,0,0,0.012232038165258086,0.0
2018-02-12,38.34127426147461,38.61932982623296,37.115934171953185,37.34922082039222,243278000,0.10913611111111113,0,0,0.04027874392800235,0.0
2018-02-13,38.72536087036133,38.82197484217078,38.091484044226874,38.1621772820291,130196800,,0,0,0.010017575479296159,0.0
2018-02-14,39.43934631347656,39.4794049670781,38.38131748534847,38.419017420992674,162579600,0.12181777777777776,0,0,0.01843715402692836,0.0
2018-02-15,40.763668060302734,40.78723007818858,39.82345617338796,40.00961157579968,204588800,0.1453177777777778,0,0,0.03357869413706904,0.0
2018-02-16,40.631710052490234,41.19489735366418,40.47618921168071,40.61521699774737,160704400,,0,0,-0.003237147540728902,-0.0
2018-02-20,40.49504852294922,41.06294258094195,40.393720669837656,40.542176168197194,135722000,,0,0,-0.0033634205738442002,-0.0
2018-02-21,40.31123352050781,41.02993793912658,40.29709199603148,40.72596168162499,149886400,0.14560777777777778,0,0,-0.00453919699187999,-0.0
2018-02-22,40.64820098876953,40.98988079969852,40.46204559239559,40.483252486487366,123967600,0.13663277777777777,0,0,0.008359145549100777,0.0
2018-02-23,41.355133056640625,41.390477885967094,40.89327357832788,40.92390816081634,135249600,,0,0,0.017391472455728252,0.0
2018-02-26,42.17279815673828,42.271767245883495,41.52242831566665,41.555418012048385,152648800,,0,0,0.019771792270085742,0.0
2018-02-27,42.036128997802734,42.52861936141671,41.98193240547774,42.203436211859255,155712400,0.17689944444444444,0,0,-0.0032406945924623454,-0.0
2018-02-28,41.97251510620117,42.56161958993118,41.956022050373114,42.24114660695772,151128400,,0,0,-0.0015133146918663298,-0.0
2018-03-01,41.23731231689453,42.36367975995876,40.68591140371747,42.071482652551495,195208000,,0,0,-0.017516291016785424,-0.0
2018-03-02,41.52244186401367,41.54364876240569,40.636426422479715,40.71890248814877,153816000,,0,0,0.0069143581649555585,0.0
2018-03-05,41.66617965698242,41.88296965474033,41.12420286478362,41.28679626200407,113605600,0.14732944444444446,0,0,0.003461689306218929,0.0
2018-03-06,41.63082504272461,42.00313941685463,41.503580087428105,41.9230220896084,95154000,,0,0,-0.0008485206598941586,-0.0
2018-03-07,41.2443733215332,41.43760127355482,41.065286894172935,41.22316642795256,126814000,0.14423444444444444,0,0,-0.00928282638633271,-0.0
2018-03-08,41.694454193115234,41.736867984637264,41.25380524613253,41.350415636468696,95096400,,0,0,0.01091253994995367,0.0
2018-03-09,42.41080093383789,42.41551477558312,41.800489667512856,41.934807190193915,128740800,,0,0,0.017180863848337502,0.0
2018-03-12,42.82081604003906,42.978695569792784,42.46499831736493,42.48384649188425,128828400,0.14489444444444444,0,0,0.009667704857562187,0.0
2018-03-13,42.408447265625,43.2402623796114,42.2364297899041,43.02582751794374,126774000,,0,0,-0.009630100790897655,-0.0
2018-03-14,42.04791259765625,42.53804784759199,41.899457151085095,42.49092021878439,117473600,0.14918194444444444,0,0,-0.008501482398318938,-0.0
2018-03-15,42.09740447998047,42.47207765994189,41.96073540547845,42.0620596496107,90975200,0.13849694444444446,0,0,0.0011770354166635855,0.0
2018-03-16,41.948951721191406,42.20815552824538,41.85469284949225,42.09740360125407,157618800,,0,0,-0.003526411203323976,-0.0
2018-03-19,41.30799865722656,41.8193408128939,40.92154633888035,41.78399598935309,133787200,0.12435027777777778,1,1,-0.015279358307326962,-0.0
2018-03-20,41.293853759765625,41.66145424499087,41.22316052900529,41.293853759765625,78597600,0.14701916666666667,1,1,-0.0003424251457523342,-0.0003424251457523342
2018-03-21,40.35836410522461,41.25851373335462,40.356005386501984,41.246730926564915,148219600,0.1147875,1,1,-0.02265445264526278,-0.02265445264526278
2018-03-22,39.788116455078125,40.690621318863954,39.72920600939137,40.0591030669939,165963200,0.09683749999999999,1,1,-0.014129602693005672,-0.014129602693005672
2018-03-23,38.86676025390625,40.040255446962874,38.86676025390625,39.679723769604465,164115200,0.0812425,1,1,-0.023156567419121532,-0.023156567419121532
2018-03-26,40.71183776855469,40.78959999971165,39.22022463405394,39.604321946723815,150164800,0.09033666666666666,1,1,0.04747186291306593,0.04747186291306593
2018-03-27,39.66793441772461,41.27265428475455,39.33332353816898,40.92626059766083,163690400,,1,0,-0.02564127310500275,-0.02564127310500275
2018-03-28,39.22963333129883,40.06380705048987,38.92565708842549,39.41107846613421,166674000,0.07923666666666666,0,0,-0.011049254085434224,-0.0
2018-03-29,39.53597259521485,40.47147063196925,39.328606704264416,39.54304156007836,153594000,,0,0,0.007808874004224142,0.0
2018-04-02,39.276756286621094,39.809308822440435,38.75599015036705,39.26733220081857,150347200,0.06785416666666667,0,0,-0.006556467226637275,-0.0
2018-04-03,39.679718017578125,39.76454919969513,38.85261668864338,39.5029866878017,121112000,0.057624166666666664,0,0,0.01025954709743404,0.0
2018-04-04,40.438480377197266,40.532735637825745,38.826691689439365,38.85261242545335,138422000,,0,0,0.019122171162683443,0.0
2018-04-05,40.718894958496094,41.05586093377513,40.54923261151675,40.66705348605198,107732800,0.027414166666666673,0,0,0.0069343501210532565,0.0
2018-04-06,39.677345275878906,40.64347395895726,39.63492790585142,40.28765633409077,140021200,0.040924166666666664,0,0,-0.025579026240245883,-0.0
2018-04-09,40.07088470458984,40.787234121145154,40.02375706853891,40.03082603416615,116070800,,0,0,0.00991849192466443,0.0
2018-04-10,40.82494354248047,41.00167489980722,40.419639342029086,40.76603309003821,113634400,,0,0,0.018818123019985533,0.0
2018-04-11,40.634063720703125,40.98281250200534,40.45968753224815,40.58457737140923,89726400,,0,0,-0.0046755685425191595,-0.0
2018-04-12,41.034645080566406,41.23729708434805,40.77543777493629,40.862627648070216,91557200,0.07198916666666667,0,0,0.009858264795189253,0.0
2018-04-13,41.173683166503906,41.43524566042456,40.96632086549492,41.18546597346766,100497200,,0,0,0.0033883096993898576,0.0
2018-04-16,41.4305419921875,41.517728305467955,41.197255321453866,41.24438296118362,86313600,0.07516916666666666,0,0,0.006238422359371443,0.0
2018-04-17,42.00078582763672,42.16573432963981,41.569561003795144,41.588412774825166,106421600,,0,0,0.013763851690782758,0.0
2018-04-18,41.90653610229492,42.13746765101794,41.68032199186675,41.89946713606957,83018000,0.07516916666666668,0,0,-0.002243999093935578,-0.0
2018-04-19,40.718894958496094,41.329206225642714,40.68590525745054,40.94510902406339,139235200,0.09776916666666667,0,0,-0.028340236494368454,-0.0
2018-04-20,39.05055618286133,40.34658597663197,38.98221805292191,40.200489223201544,261964400,0.12118916666666665,0,0,-0.040972103426069606,-0.0
2018-04-23,38.937442779541016,39.33331918058596,38.666452618618635,39.31211228673161,146062000,0.12891750000000002,0,0,-0.002896588790967214,-0.0
2018-04-24,38.39545822143555,39.194283420807594,37.99015421983488,39.03875903971752,134768000,,0,0,-0.013919367051763443,-0.0
2018-04-25,38.562774658203125,38.979861602588485,38.27058116128908,38.32006392000796,113528400,,0,0,0.004357714284919378,0.0
2018-04-26,38.697078704833984,39.05289636310064,38.49678182964929,38.67351309753925,111852000,0.115195,0,0,0.0034827381541200353,0.0
2018-04-27,38.249366760253906,38.723005335962576,37.85113166728747,38.64524313476729,142623200,0.134855,0,0,-0.011569657440941405,-0.0
2018-04-30,38.9421501159668,39.41343356520298,38.13625584924581,38.20459396292519,169709600,0.15656,0,0,0.01811228300994472,0.0
2018-05-01,39.847023010253906,39.870585028863154,38.94451463897729,39.21314610125641,214277600,0.12788,0,0,0.0232363362472916,0.0
2018-05-02,41.607269287109375,41.88532485137005,40.95454057379455,41.29150658088416,266157600,0.13634944444444444,0,0,0.04417510127174373,0.0
2018-05-03,41.682674407958984,41.826416037885345,41.10535276486756,41.444677504077866,136272800,0.11410944444444446,0,0,0.001812306410432285,0.0
2018-05-04,43.318023681640625,43.416992785962016,41.984290502990305,42.00314227461454,224805200,0.15665944444444443,0,0,0.03923330968824268,0.0
2018-05-07,43.63142013549805,44.222879536554224,43.53480617090107,43.63613038088778,169805600,0.17029777777777777,0,0,0.007234781904194909,0.0
2018-05-08,43.84115219116211,43.88121086073857,43.28032362587547,43.59137248932765,113611200,,0,0,0.004806904176227533,0.0
2018-05-09,44.14982986450195,44.15925395060749,43.64555676108963,43.95896065930299,92844800,0.18695777777777778,0,0,0.007040820277576243,0.0
2018-05-10,44.781368255615234,44.85913048484893,44.2181844702033,44.23939496589154,111957200,0.17484777777777777,0,0,0.014304435442933805,0.0
2018-05-11,44.61104965209961,44.95877911134378,44.3413822765096,44.823947228285526,104848800,0.18942277777777777,0,0,-0.003803336301459903,-0.0
2018-05-14,44.50695037841797,44.83339104189788,44.438352359737785,44.71038383965627,83115200,,0,0,-0.002333486310980404,-0.0
2018-05-15,44.10246658325195,44.2514945221475,43.78548984575124,44.1828928701748,94780800,0.2207777777777778,0,0,-0.009088104031548139,-0.0
2018-05-16,44.5140495300293,44.58028695826608,43.99837142543919,44.01493168486649,76732400,0.2575577777777777,0,0,0.009332424661564032,0.0
2018-05-17,44.23256301879883,44.68673937854527,44.08353510360272,44.47147763647819,69176000,0.26162777777777774,0,0,-0.006323543110598795,-0.0
2018-05-18,44.07170104980469,44.426526622457686,44.02912371363307,44.27986654079228,73190800,0.22258777777777777,0,0,-0.003636731810584326,-0.0
2018-05-21,44.38395309448242,44.77189560949007,44.21363651623783,44.471475588215206,73603200,,0,0,0.007085091730969495,0.0
2018-05-22,44.27278137207031,44.67964841905627,44.18289104952335,44.56137319864113,60962800,,0,0,-0.002504772888873852,-0.0
2018-05-23,44.55663299560547,44.589749906860305,43.94160051861835,44.081167996274026,80233600,,0,0,0.006411425140644633,0.0
2018-05-24,44.50695037841797,44.670170710157926,44.04804569559872,44.65361406129258,92936000,,0,0,-0.0011150442447570574,-0.0
2018-05-25,44.60867691040039,44.86178397307931,44.388683151388115,44.5258828228153,69844000,0.19836277777777778,0,0,0.002285632493745249,0.0
2018-05-29,44.44783020019531,44.64889953593465,44.20418351400214,44.376867949438925,90056400,0.17665777777777775,0,0,-0.003605726987333635,-0.0
2018-05-30,44.35320663452149,44.47148185221354,44.18289003228706,44.40524801906384,74762000,0.16108027777777775,0,0,-0.002128868051547883,-0.0
2018-05-31,44.20417404174805,44.52588274430976,44.03149325278761,44.28696812918716,109931200,0.16336527777777773,0,0,-0.003360131185136228,-0.0
2018-06-01,45.001346588134766,45.00607499701949,44.41233482946836,44.469108221336874,93770000,0.20789027777777774,0,0,0.018033874937553263,0.0
2018-06-04,45.37746047973633,45.75357472306048,45.26391730635916,45.33251532937576,105064800,0.18973277777777775,0,0,0.00835783637862808,0.0
2018-06-05,45.72757339477539,45.876601354434555,45.502851157311234,45.67080358879013,86264000,0.20706277777777773,0,0,0.007715568728122291,0.0
2018-06-06,45.88604736328125,45.909703847988986,45.39875409787338,45.80325688574977,83734400,,0,0,0.003465610718892176,0.0
2018-06-07,45.76305389404297,45.938098925582,45.49811492258149,45.9239064754003,85388800,0.19002777777777774,0,0,-0.0026804110684134352,-0.0
2018-06-08,45.34672164916992,45.41768750779555,44.890181002081555,45.221350196369826,106627200,0.16818499999999997,0,0,-0.00909756254110572,-0.0
2018-06-11,45.23553466796875,45.41058327377536,44.99425584445907,45.2639231720962,73234000,0.17816166666666666,0,0,-0.002451929867419822,-0.0
2018-06-12,45.48391342163086,45.56197549157033,45.21661029815384,45.27338369705696,67644400,,0,0,0.005490788502561683,0.0
2018-06-13,45.11016845703125,45.62585029625447,45.048666641672256,45.5170355050327,86553600,,0,0,-0.008217080204489746,-0.0
2018-06-14,45.133827209472656,45.3159720691579,44.99662751342811,45.31124004943955,86440400,0.15700166666666665,0,0,0.000524466062766793,0.0
2018-06-15,44.6701774597168,44.98242572578577,44.53297779215371,44.951673018210656,246876800,0.10188666666666665,0,0,-0.010272777170081127,-0.0
2018-06-18,44.64653396606445,44.76007717327769,44.28224424577315,44.44310043134259,73939600,,0,0,-0.0005292903453016917,-0.0
2018-06-19,43.925045013427734,44.07643712732328,43.39517081005696,43.79494156957858,134314000,0.11677666666666667,0,0,-0.01616002158611274,-0.0
2018-06-20,44.11665725708008,44.282241843925135,43.93451240681388,44.08117613471088,82514800,0.07019166666666665,0,0,0.004362254918435893,0.0
2018-06-21,43.87063980102539,44.55427032867904,43.74763257948827,44.29406343878758,102847600,0.07305666666666666,0,0,-0.0055765207826393715,-0.0
2018-06-22,43.7429084777832,44.033864518614706,43.69086709038591,44.02676829392175,108801600,,0,0,-0.0029115445733527423,-0.0
2018-06-25,43.09239196777344,43.74290565884498,42.75175876656936,43.38334798985477,126652400,,0,0,-0.014871359327653266,-0.0
2018-06-26,43.62698745727539,44.123744728742274,43.17990735674422,43.28635792168182,98276800,,0,0,0.012405797522257567,0.0
2018-06-27,43.56312561035156,44.301161755502264,43.532372901145976,43.81623267932141,101141200,,0,0,-0.0014638151897691243,-0.0
2018-06-28,43.880104064941406,44.04805645573008,43.47796906225165,43.54893491201409,69460800,,0,0,0.007276301921607775,0.0
2018-06-29,43.787845611572266,44.27987088708251,43.26743544249482,44.06697335691033,90950800,,0,0,-0.0021025121825737347,-0.0
2018-07-02,44.27750778198242,44.30589628804153,43.38807946404778,43.482701801789624,70925200,,0,0,0.011182604751870828,0.0
2018-07-03,43.506351470947266,44.45964934537701,43.41646115908934,44.42180041307127,55819200,,0,0,-0.01741643443059726,-0.0
2018-07-05,43.856449127197266,44.09536737618511,43.59151379549997,43.8233322107351,66416800,,0,0,0.008047047026772391,0.0
2018-07-06,44.464378356933594,44.5731895181121,43.80913274741524,43.8611741234476,69940800,0.036429166666666665,0,0,0.013861797793367714,0.0
2018-07-09,45.08176803588867,45.10542090620227,44.778983863887056,44.8262932139863,79026400,,0,0,0.01388504015504366,0.0
2018-07-10,45.02737045288086,45.247360594137255,44.98715370821526,45.11252874195781,63756400,0.04833916666666666,0,0,-0.001206642626893184,-0.0
2018-07-11,44.44309997558594,44.89254438957308,44.37923034303881,44.58976010046046,75326000,,0,0,-0.012975896025426037,-0.0
2018-07-12,45.1882209777832,45.27811128154123,44.78135401584082,44.83339539070363,72164400,,0,0,0.016765729721972322,0.0
2018-07-13,45.259185791015625,45.37982518847754,45.15746724809984,45.20004819450975,50055600,0.07093916666666666,0,0,0.0015704272418095577,0.0
2018-07-16,45.15983581542969,45.57143118391494,45.04392482493433,45.30413169769024,60172400,0.09404416666666666,0,0,-0.0021951339567769512,-0.0
2018-07-17,45.287574768066406,45.38692550602283,44.75533635149596,44.885439797441066,62138000,0.14372916666666666,0,0,0.0028285964802616803,0.0
2018-07-18,45.0391960144043,45.37036874963349,44.9280170344419,45.36563673084475,65573600,,0,0,-0.00548447901955762,-0.0
2018-07-19,45.389286041259766,45.5477743556412,44.871240154692515,44.871240154692515,81147200,0.19400916666666665,0,0,0.007773007909455121,0.0
2018-07-20,45.28522109985352,45.5194037475689,44.98480100194971,45.36564739079671,82704800,0.23993916666666668,0,0,-0.0022927203858559286,-0.0
2018-07-23,45.3254280090332,45.40822210327195,44.84049890593436,45.105434232341366,63957600,0.2491816666666667,0,0,0.0008878593987875494,0.0
2018-07-24,45.65423202514648,45.81035617192052,45.42950984329037,45.52412856950146,74791600,0.22586666666666666,0,0,0.0072542947867528795,0.0
2018-07-25,46.084754943847656,46.0918511677494,45.51939597020719,45.66842389108969,66839600,0.19081166666666666,0,0,0.009430076897669615,0.0
2018-07-26,45.94045639038086,46.35441960496236,45.79852470159238,46.03507510992466,76304000,0.1763966666666667,0,0,-0.0031311559243966114,-0.0
2018-07-27,45.17639923095703,46.1722781100309,44.96823731105261,46.124968746846854,96096000,0.1748191666666667,0,0,-0.016631466455866772,-0.0
2018-07-30,44.923282623291016,45.464981394364806,44.72458117438404,45.39401555990595,84118000,,0,0,-0.005602850425772021,-0.0
2018-07-31,45.01318359375,45.450803370539255,44.788461387887985,45.015551408315694,157492000,0.18509083333333337,0,0,0.002001211069388109,0.0
2018-08-01,47.6649055480957,47.72640735261857,46.67375879565938,47.10428225573744,271742800,0.20913533333333337,0,0,0.05890989578248562,0.0
2018-08-02,49.05819320678711,49.29237943033868,47.3928797788397,47.4472853667251,249616000,0.25277866666666665,0,0,0.029230891001882364,0.0
2018-08-03,49.20012664794922,49.377539475543834,48.60638274153638,48.973036640459895,133789600,0.25774366666666665,0,0,0.0028931648698076184,0.0
2018-08-06,49.455589294433594,49.498166629955655,48.98248853811383,49.2024786572558,101701600,0.2864736666666666,0,0,0.005192316847318912,0.0
2018-08-07,48.99195861816406,49.55731398898163,48.909164525705904,49.51473664507038,102349600,0.23761366666666667,0,0,-0.009374687126045722,-0.0
2018-08-08,49.02507019042969,49.15753783634779,48.37928861184259,48.74121043353765,90102000,0.2877861666666667,0,0,0.0006758572875946722,0.0
2018-08-09,49.41065979003906,49.62355375400296,49.01325315197339,49.56441614073816,93970400,,0,0,0.007865151403386506,0.0
2018-08-10,49.26347732543945,49.63616571108184,49.05933035479848,49.223123155004025,98444800,,0,0,-0.002978759345150017,-0.0
2018-08-13,49.58156967163086,50.07532060816771,49.30383544897865,49.68601747272375,103563600,0.28362616666666673,0,0,0.006456960885851792,0.0
2018-08-14,49.79045486450195,49.982732084437686,49.43675736149721,49.88778153354862,82992000,,0,0,0.004212960466046134,0.0
2018-08-15,49.90678024291992,50.02547026132497,49.453383503301005,49.6646515911767,115230400,,0,0,0.002336298769202605,0.0
2018-08-16,50.63791275024414,50.75422665369832,50.19875821976984,50.265224342352795,114001600,,0,0,0.014649963467197269,0.0
2018-08-17,51.649139404296875,51.73696884278252,50.59992026800946,50.66638637639826,141708000,,0,0,0.019969753868811724,0.0
2018-08-20,51.145904541015625,52.028954949320145,51.06282007892816,51.77258769595775,121150800,,0,0,-0.009743334914877333,-0.0
2018-08-21,51.04619216918945,51.556561328100145,50.80643967990635,51.463983275591694,104639200,0.27652366666666667,0,0,-0.0019495670810985022,-0.0
2018-08-22,51.04857635498047,51.359543615830106,50.761344923935006,50.82306605011585,76072400,0.25390866666666667,0,0,4.6706437634158604e-05,0.0
2018-08-23,51.15302276611328,51.52333502466654,50.941754689265245,50.95362079278084,75532800,,0,0,0.002046020057572484,0.0
2018-08-24,51.31206512451172,51.487724018176,51.062815383301725,51.41651291108594,73905600,,0,0,0.0031091487814047802,0.0
2018-08-27,51.7346076965332,51.92451245736226,51.35242567838758,51.54707543219164,82100400,0.20478366666666664,0,0,0.008234760596677715,0.0
2018-08-28,52.15239334106445,52.351791702590354,51.96723720220013,51.98860053619249,91107200,0.1775086666666667,0,0,0.00807555451047226,0.0
2018-08-29,52.93099594116211,53.05206206974539,52.08355115173743,52.25921004869096,109019200,,0,0,0.014929374285965746,0.0
2018-08-30,53.41762924194336,54.184365744466135,52.79331858782312,52.99509306739159,195175200,0.14775866666666668,0,0,0.00919373029221271,0.0
2018-08-31,54.034812927246094,54.32916182198235,53.64788235120619,53.76894485254467,173360400,,0,0,0.011553932551130908,0.0
2018-09-04,54.208106994628906,54.40275674720709,53.797440532691446,54.219976721255726,109560400,0.1211736666666667,1,1,0.0032070818421476854,0.0
2018-09-05,53.85440444946289,54.51906923570404,53.43424441832191,54.35765255931508,133332000,0.12041866666666667,1,1,-0.006524901251413584,-0.006524901251413584
2018-09-06,52.9594841003418,53.96834918895152,52.53219933838664,53.70248110255072,137160000,,1,0,-0.01661740313108262,-0.01661740313108262
2018-09-07,52.53220748901367,53.498342440262576,52.392154124294194,52.662767245164126,150479200,0.11850866666666666,1,1,-0.008067990438097361,-0.0
2018-09-10,51.82718276977539,52.66276149578296,51.385655765808345,52.449117293915904,158066000,0.11813616666666667,1,1,-0.013420808927280037,-0.013420808927280037
2018-09-11,53.13751983642578,53.24434012282994,51.40701743257789,51.75121774304983,142996000,0.12977616666666666,1,1,0.025282814859358904,0.025282814859358904
2018-09-12,52.47760391235352,53.41050567281546,52.18562387340728,53.39626345084379,197114800,0.16335366666666667,1,1,-0.012419020046545048,-0.012419020046545048
2018-09-13,53.745208740234375,54.20572653752017,52.83367037442229,53.059180658685435,166825600,0.14889116666666666,0,0,0.02415515826518999,0.02415515826518999
2018-09-14,53.13514709472656,53.847287212185975,52.82180732655303,53.58854383882072,127997200,0.1666245,0,0,-0.011350995927030705,-0.0
2018-09-17,51.72036361694336,52.92387852093869,51.57556164949843,52.73397376692589,148780400,0.15852,0,0,-0.02662613270385794,-0.0
2018-09-18,51.80582046508789,52.66276254166142,51.53995236118201,51.69899655096694,126286800,0.12394500000000001,0,0,0.001652286298245098,0.0
2018-09-19,51.8366813659668,52.13340643422851,51.10792648182475,51.86754193214831,108495200,0.14179499999999998,0,0,0.0005957033515124888,0.0
2018-09-20,52.230735778808594,52.7648409288077,52.02184016105992,52.280587186546754,106435200,,0,0,0.007601844918654788,0.0
2018-09-21,51.66814422607422,52.546449715100046,51.58031114167907,52.40876884698409,384986800,0.13934249999999998,0,0,-0.010771273740367904,-0.0
2018-09-24,52.411136627197266,52.52270553404214,51.42363842889159,51.468741215335086,110773600,0.15192166666666668,0,0,0.014380086845621642,0.0
2018-09-25,52.74346160888672,52.89301216464944,52.15238411803855,52.16425384220136,98217600,0.16159166666666666,0,0,0.006340732200740051,0.0
2018-09-26,52.32330322265625,53.11377911860797,52.16663154119591,52.460984067988214,95938800,0.19669166666666665,0,0,-0.00796607528997828,-0.0
2018-09-27,53.39862823486328,53.75232572531347,53.06392157834309,53.13039130816369,120724800,0.21139666666666662,0,0,0.020551550570710342,0.0
2018-09-28,53.5861701965332,53.60990602666179,53.17787624815003,53.360656266454455,91717600,0.22291166666666667,0,0,0.0035121119749566,0.0
2018-10-01,53.94697570800781,54.459717360324966,53.7309626679872,54.11076848212006,94403200,0.2594966666666666,0,0,0.006733183396971931,0.0
2018-10-02,54.426490783691406,54.59740468813785,53.79743517852857,53.94460963208403,99152800,0.26378666666666667,0,0,0.00888863683997787,0.0
2018-10-03,55.08879470825195,55.42112535815143,54.54519231832701,54.609285951569206,114619200,0.2912366666666667,0,0,0.012168778751376008,0.0
2018-10-04,54.12026596069336,55.155242876065586,53.82116485105835,54.78255454806998,128168000,0.2730166666666667,0,0,-0.01758122958920927,-0.0
2018-10-05,53.24195861816406,54.219966681432005,52.36128084636075,54.1131464058344,134322000,,0,0,-0.016228806842287113,-0.0
2018-10-08,53.1185302734375,53.36303141431904,52.2710818285735,52.74821800655406,118655600,,0,0,-0.0023182532711043535,-0.0
2018-10-09,53.85440444946289,53.949358631572586,52.757709906550595,53.08766799235196,107564000,0.28824666666666665,0,0,0.013853436310028666,0.0
2018-10-10,51.35954284667969,53.73097062315094,51.28595561776469,53.519702543759095,167962400,0.3046891666666666,0,0,-0.04632604572063159,-0.0
2018-10-11,50.90614318847656,52.1049129814977,50.400526222593946,50.92276152805053,212497600,0.3233491666666667,0,0,-0.008827953542278055,-0.0
2018-10-12,52.72447967529297,52.907263316289296,51.4734858776768,52.32330683693242,161351600,0.32432916666666667,0,0,0.03571939206009267,0.0
2018-10-15,51.596927642822266,52.65801675259549,51.57556430770438,52.498972554275554,123164000,,0,0,-0.02138574035087315,-0.0
2018-10-16,52.73397445678711,52.93337644328166,51.454496185595865,51.96961043793188,116736000,0.34288583333333333,0,0,0.022037103097223287,0.0
2018-10-17,52.5060920715332,52.85029240802,52.06693754496358,52.769584063048576,91541600,,0,0,-0.004321358054296565,-0.0
2018-10-18,51.278839111328125,52.161893181865885,50.56195035037928,51.71561753142815,130325200,0.35413583333333337,0,0,-0.02337353460876679,-0.0
2018-10-19,52.059814453125,52.52270479300805,51.61353883204193,51.763089411901014,132314800,0.38000833333333334,0,0,0.015229973129878172,0.0
2018-10-22,52.377906799316406,53.02120833120337,51.971988940539,52.17375981059053,115168400,0.3549033333333333,1,1,0.006110132153425596,0.0
2018-10-23,52.87165832519531,52.9950969672668,50.96549678451952,51.23373740417521,155071200,0.3337908333333333,1,1,0.009426713590726221,0.009426713590726221
2018-10-24,51.05807876586914,53.22773247688395,50.92751900197383,52.84080542296277,163702000,0.3038208333333333,1,1,-0.034301544849822396,-0.034301544849822396
2018-10-25,52.176124572753906,52.55118540631939,51.45211485043228,51.680001243507625,119423200,0.29594916666666665,1,1,0.021897529909255864,0.021897529909255864
2018-10-26,51.34529876708984,52.26870689490897,50.483608140162744,51.25034458633483,189033600,0.28380666666666665,1,1,-0.01592348631615159,-0.01592348631615159
2018-10-29,50.381534576416016,52.15001492473634,48.92164534308454,52.031324919854015,183742000,0.2706476666666667,1,1,-0.018770251879253852,-0.018770251879253852
2018-10-30,50.63316345214844,51.07943546602377,49.676522177021106,50.122794190896435,146640000,0.24106766666666668,1,1,0.004994466283093635,0.004994466283093635
2018-10-31,51.95299530029297,52.330428691682656,51.4212627108091,51.48298383889954,153435600,0.2598864166666667,0,0,0.02606654923688212,0.02606654923688212
2018-11-01,52.75059509277344,52.783828154946114,51.4663681507219,51.99810076761686,233292800,0.24408641666666667,0,0,0.015352335084248159,0.0
2018-11-02,49.251609802246094,50.71624421787681,48.76497999466128,49.74298822483916,365314800,0.2237684166666667,0,0,-0.06633072639983706,-0.0
2018-11-05,47.85343933105469,48.5181041388236,47.04160006391353,48.49674080545637,264654800,0.18624216666666665,0,0,-0.02838832023573057,-0.0
2018-11-06,48.37091827392578,48.596428524602615,47.87716749378135,47.93176387355699,127531600,0.18513216666666668,0,0,0.010813829687164711,0.0
2018-11-07,49.83794403076172,49.86405598285383,48.45639393296454,48.893172384203126,133697600,0.14961216666666666,0,0,0.030328672871747786,0.0
2018-11-08,49.66404342651367,50.052320434232975,49.24955972898359,50.01897142188709,101450400,,0,0,-0.003489321392164735,-0.0
2018-11-09,48.70644760131836,49.07328675547109,48.177624925691106,48.96371298146972,137463200,0.10944716666666668,0,0,-0.01928147124412527,-0.0
2018-11-12,46.252899169921875,47.60592402834233,46.16237886454745,47.40344554572155,204542000,0.08001216666666668,0,0,-0.05037420202515597,-0.0
2018-11-13,45.79077911376953,46.969909436344466,45.60497693614052,45.647856318931105,187531600,,0,0,-0.00999115870455225,-0.0
2018-11-14,44.497314453125,46.32675258754113,44.29007074517611,46.18859132716536,243204000,0.07792966666666667,0,0,-0.028247273483398283,-0.0
2018-11-15,45.59543991088867,45.72883594319939,44.521118426474104,44.876050011190976,185915200,0.043409666666666666,0,0,0.02467846590877909,0.0
2018-11-16,46.10044479370117,46.44346527358321,45.13093905450507,45.37867404843674,147713200,,0,0,0.011075776081982625,0.0
2018-11-19,44.273399353027344,45.42632677168079,44.06615927376372,45.2595816714244,167701200,-0.0028969999999999994,0,0,-0.0396318397544716,-0.0
2018-11-20,42.15809631347656,43.22765269611012,41.80792988484393,42.48920564537352,271300800,-0.004396999999999998,0,0,-0.047778193462936325,-0.0
2018-11-21,42.110450744628906,42.94179877853093,42.05566386928731,42.81316429844474,124496800,0.001877999999999999,0,0,-0.00113016414435263,-0.0
2018-11-23,41.0409049987793,42.067585789740626,40.995648476539905,41.67215915297066,94496000,,0,0,-0.02539858222690783,-0.0
2018-11-26,41.59592056274414,41.67452971595651,40.557332519490615,41.50540390567438,179994000,,0,0,0.013523472837193795,0.0
2018-11-27,41.50541305541992,41.63166315620087,40.70503306917976,40.85510181769542,165549600,0.0076729999999999975,0,0,-0.0021758746074076463,-0.0
2018-11-28,43.10141372680664,43.18478445741133,41.669779406506265,42.09855510671911,184250000,0.03940633333333333,0,0,0.03845283190545934,0.0
2018-11-29,42.77029800415039,43.544474925068734,42.32961122602735,43.5111259107892,167080000,0.030912999999999996,0,0,-0.007682247379517282,-0.0
2018-11-30,42.53924179077149,42.95610634654788,42.1700181715583,42.946575978372955,158126000,0.023462999999999994,0,0,-0.005402258673916083,-0.0
2018-12-03,44.02565383911133,44.05423766814675,43.165721846188546,43.93989871723536,163210000,0.009136999999999996,0,0,0.03494213779480915,0.0
2018-12-04,42.08902359008789,43.44681012414803,41.98897654386978,43.10378960296019,165377200,0.010324499999999995,0,0,-0.04398867660434336,-0.0
2018-12-06,41.6197509765625,41.63404289180075,40.595454645505626,40.91465286839291,172393600,-0.049470083333333345,0,0,-0.011149524828509061,-0.0
2018-12-07,40.135719299316406,41.56496915357953,40.09045913903482,41.32676084453568,169126400,-0.03578458333333335,0,0,-0.03565690909784158,-0.0
2018-12-10,40.400123596191406,40.51684332093949,38.90655674218161,39.304364112481025,248104000,-0.02549166666666668,0,0,0.0065877552835960085,0.0
2018-12-11,40.169063568115234,40.92179897327455,39.780782907152584,40.89083436840354,189126800,-0.04577666666666668,0,0,-0.005719290128556764,-0.0
2018-12-12,40.2810173034668,40.9527626913036,40.261960206928016,40.59068512660581,142510800,,0,0,0.0027870636108238145,0.0
2018-12-13,40.721717834472656,41.107617843815206,40.3882275891357,40.61214402590669,127594400,,0,0,0.010940650472795577,0.0
2018-12-14,39.418704986572266,40.27625624477988,39.371064057731815,40.25719914628972,162814800,-0.022301666666666685,0,0,-0.03199798331683679,-0.0
2018-12-17,39.0518684387207,40.1023678913392,38.76363480265742,39.41156165542188,177151600,0.026643333333333314,0,0,-0.00930615422238057,-0.0
2018-12-18,39.55924987792969,39.90703192311452,39.15905808682064,39.39488558701543,135366000,,0,0,0.012992500986352518,0.0
2018-12-19,38.3253288269043,39.887974513339486,37.89655320934104,39.5425732450804,196189200,0.048273333333333314,0,0,-0.031191720137084822,-0.0
2018-12-20,37.35820388793945,38.61594327850283,36.99374552105858,38.2086055324049,259092000,,0,0,-0.02523461555497275,-0.0
2018-12-21,35.90514373779297,37.67503367626225,35.6431167324877,37.36536209292785,382978400,,0,0,-0.0388953428945652,-0.0
2018-12-24,34.976112365722656,36.100455422338655,34.918941086061736,35.290545316935535,148676800,0.020688333333333312,0,0,-0.02587460389672347,-0.0
2018-12-26,37.43919372558594,37.45348564036244,34.94991800671452,35.32628751316479,234330000,0.03690833333333331,0,0,0.07042181629874777,0.0
2018-12-27,37.19621658325195,37.3439081690997,35.74791362964968,37.12237260771279,212468400,,0,0,-0.006489913861791652,-0.0
2018-12-28,37.21528625488281,37.76078536424733,36.81509800649842,37.517811850716434,169165600,0.07001833333333331,0,0,0.0005126777232351554,0.0
2018-12-31,37.574981689453125,37.96087800456364,37.27483688012672,37.76316466287465,140014000,-0.0018341666666666923,0,0,0.009665260455254954,0.0
2019-01-02,37.61784744262695,37.839383011324664,36.73885839429097,36.896076715977145,148158800,-0.00432583333333336,0,0,0.0011408056969421931,0.0
2019-01-03,33.87083053588867,34.71170533997153,33.825570388313054,34.297221690076654,365248800,-0.01757280303030305,0,0,-0.0996074247058677,-0.0
2019-01-04,35.3167724609375,35.38585492533933,34.25436514114324,34.42825623761003,234428400,-0.009909469696969726,0,0,0.042689886907755215,0.0
2019-01-07,35.23814010620117,35.452529684249065,34.75457771221755,35.4215614526405,219111200,,0,0,-0.002226487565456292,-0.0
2019-01-08,35.90989685058594,36.16478144522651,35.37869342403088,35.62642842655381,164101200,0.028990530303030275,0,0,0.019063342797327465,0.0
2019-01-09,36.519718170166016,36.81033262099665,35.643113268150785,36.03853633005405,180396400,0.04333053030303028,0,0,0.016981984719071308,0.0
2019-01-10,36.63642883300781,36.67692379851318,35.93609601066579,36.32675738734217,143122800,0.03712136363636361,0,0,0.0031958259452600224,0.0
2019-01-11,36.2767333984375,36.61260790888585,36.09093125111916,36.41727903070712,108092800,,0,0,-0.009817972057534208,-0.0
2019-01-14,35.73125076293945,36.03377637046816,35.54544854975383,35.933729304504425,129756800,,0,0,-0.015036707674499161,-0.0
2019-01-15,36.46253967285156,36.53876442507238,35.74314971840054,35.795555825764026,114843600,0.04330469696969695,0,0,0.020466367515760364,0.0
2019-01-16,36.90798568725586,37.13190201684626,36.44586111508322,36.46491821066211,122278800,0.023135530303030286,0,0,0.012216538354182571,0.0
2019-01-17,37.127140045166016,37.555915645850185,36.507797106981144,36.73171345593675,119284800,0.06295303030303027,0,0,0.005937857453592432,0.0
2019-01-18,37.355831146240234,37.60833138833237,37.15573339148389,37.517811062008555,135004000,0.054735530303030286,0,0,0.006159674588347208,0.0
2019-01-22,36.517333984375,37.334386728093314,36.35535044644679,37.2581619603632,121576000,,0,0,-0.02244621886694731,-0.0
2019-01-23,36.66501998901367,36.95563439699075,36.13619728825342,36.71980687861818,92522400,0.013205530303030294,0,0,0.004044271268594413,0.0
2019-01-24,36.3744010925293,36.798411510579946,36.14572319514696,36.71027561625234,101766000,-0.0291144696969697,0,0,-0.007926325870583395,-0.0
2019-01-25,37.579734802246094,37.667874332465686,36.76030141896033,37.0366202455851,134142000,0.022398863636363626,0,0,0.03313686750884681,0.0
2019-01-28,37.231956481933594,37.23910243985736,36.6030867412518,37.11046792768946,104768400,0.02653886363636363,0,0,-0.009254411244320804,-0.0
2019-01-29,36.84605407714844,37.667875530253525,36.71027725105051,37.22004281201305,166348800,-0.0029586363636363647,0,0,-0.010364816712557401,-0.0
2019-01-30,39.363922119140625,39.57830813819607,38.16811541887493,38.88750551255496,244439200,-0.020251136363636367,0,0,0.06833480830051064,0.0
2019-01-31,39.64738845825195,40.25720110045901,39.19955570891924,39.56877928620291,162958400,,0,0,0.0072011711194168715,0.0
2019-02-01,39.666446685791016,40.25243706170224,39.52590102795281,39.77125891817062,130672400,,0,0,0.00048069313718168694,0.0
2019-02-04,40.793174743652344,40.89084102706236,39.84748742377698,39.87845566846077,125982000,0.02526886363636364,0,0,0.028405066548724545,0.0
2019-02-05,41.49112319946289,41.70551286711894,41.0552051749136,41.176690108912695,144406400,0.061650530303030304,0,0,0.01710944196416464,0.0
2019-02-06,41.50541305541992,41.82223051192853,41.17430368331649,41.60307569024123,112958400,0.09359666666666668,0,0,0.0003444075468463925,0.0
2019-02-07,40.71932601928711,41.43395089534404,40.57639959016769,41.06710809016357,126966800,0.07513666666666667,0,0,-0.01893938593222033,-0.0
2019-02-08,40.76716232299805,40.82696978947142,40.29109357574107,40.42745635147224,95280000,0.08104166666666666,0,0,0.0011747813234501692,0.0
2019-02-11,40.53272247314453,40.95855507730513,40.48966284090692,40.920277415076946,83973600,,0,0,-0.005750703176150673,-0.0
2019-02-12,40.88200759887695,40.9083230404144,40.59732336325164,40.6930175371876,89134000,0.04109916666666667,0,0,0.008617361588870498,0.0
2019-02-13,40.71214294433594,41.26237244865827,40.649944483984534,41.001612731729914,89960800,,0,0,-0.004154997871133936,-0.0
2019-02-14,40.8604736328125,40.970517358724166,40.52076756311618,40.59971387971843,87342800,0.023151666666666668,0,0,0.0036434016425852533,0.0
2019-02-15,40.769554138183594,41.07576808073756,40.609270562812235,40.96811536896374,98507200,,0,0,-0.002225120918713297,-0.0
2019-02-19,40.89156723022461,41.01357682194491,40.54707922219934,40.59971009502795,75891200,-0.006181666666666669,0,0,0.0029927502181521515,0.0
2019-02-20,41.15471649169922,41.46332508505415,40.90591901946894,40.95376426601034,104457600,,0,0,0.0064352941033793964,0.0
2019-02-21,40.922664642333984,41.23605521603749,40.740851238983446,41.0996960761142,68998800,-0.03517166666666667,0,0,-0.005638523822950825,-0.0
2019-02-22,41.37960433959961,41.386780946000805,40.9992295988989,41.047074858359984,75652800,,0,0,0.01116593216153694,0.0
2019-02-25,41.681026458740234,42.07336336758773,41.61404237554862,41.66428226312171,87493600,,0,0,0.0072843161250859545,0.0
2019-02-26,41.7049560546875,41.937009389498,41.42744844702722,41.55663465937493,68280800,-0.017511666666666672,0,0,0.0005741124434868183,0.0
2019-02-27,41.83414077758789,41.86524183964091,41.3221888233918,41.43702182926786,111341600,,0,0,0.0030975868367058013,0.0
2019-02-28,41.42266082763672,41.84370783973421,41.36763896595908,41.702563057432904,112861600,-0.029394166666666673,0,0,-0.009835984253598329,-0.0
2019-03-01,41.85805892944336,41.90111856239276,41.36046026332793,41.69298970241963,103544800,,0,0,0.010511108970482796,0.0
2019-03-04,42.06858444213867,42.52311984674224,41.6188310078529,42.03030677744222,109744800,-0.047816666666666674,0,0,0.005029509682954458,0.0
2019-03-05,41.992034912109375,42.10447328620926,41.75519593574502,42.090120072555585,78949600,-0.061444166666666675,0,0,-0.0018196364589967429,-0.0
2019-03-06,41.75041198730469,41.98246533134036,41.611658177958454,41.786295019739335,83241600,-0.05909916666666667,0,0,-0.005754018001518868,-0.0
2019-03-07,41.26716232299805,41.731268964485146,41.1523329803737,41.59490615420206,99185600,,0,0,-0.011574728039895454,-0.0
2019-03-08,41.3652458190918,41.40352348189286,40.54947092614344,40.74564121022977,95997600,0.00129083333333333,0,0,0.0023767928438125363,0.0
2019-03-11,42.79823684692383,42.85086772826256,41.94897343970943,41.98246548689231,128044000,-0.015793750000000002,0,0,0.03464239120200374,0.0
2019-03-12,43.27908706665039,43.70013042498477,42.91067093404369,43.06138695650634,129870400,,0,0,0.011235281057170976,0.0
2019-03-13,43.47046661376953,43.8508412776213,43.281472949096475,43.59964915325102,124130000,-0.009731250000000006,0,0,0.004421986693582847,0.0
2019-03-14,43.953712463378906,44.04223001659465,43.67381389321422,43.99438111199851,94318000,0.001959107142857129,0,0,0.011116647398864199,0.0
2019-03-15,44.52547073364258,44.814940537743325,43.956106016627054,44.221651369018744,156171600,0.027586607142857128,0,0,0.013008190621896842,0.0
2019-03-18,44.98001480102539,45.06852871161591,44.446529401109466,44.44892403676384,104879200,,1,0,0.010208630249008532,0.0
2019-03-19,44.6235466003418,45.212053676693046,44.47761623610871,45.05894670851063,126585600,,1,0,-0.007925035201977515,-0.0
2019-03-20,45.01348876953125,45.331664903249575,44.192928498287614,44.55177326784633,124140800,0.04063327380952379,1,1,0.008738484475065533,0.0
2019-03-21,46.671363830566406,46.96801024304123,45.40823015544598,45.458470044388214,204136800,0.032170773809523795,1,1,0.03683062802626713,0.03683062802626713
2019-03-22,45.70487594604492,47.29336243407434,45.64028284695774,46.731170674231585,169630800,0.006930773809523796,1,1,-0.02070837029811634,-0.02070837029811634
2019-03-25,45.152252197265625,45.92735472943375,44.6403003623013,45.814916385507885,175381200,0.034363273809523795,1,1,-0.012091133327474135,-0.012091133327474135
2019-03-26,44.68575668334961,46.142669720394025,44.157060586216474,45.85080891595458,199202000,0.030754940476190467,0,0,-0.010331611186922496,-0.010331611186922496
2019-03-27,45.08766174316406,45.396266723051546,44.628340750814054,45.154645826401016,119393600,0.056037440476190456,0,0,0.008994030528842067,0.0
2019-03-28,45.1474723815918,45.34842464537016,44.86278818272628,45.202494243025605,83121600,,0,0,0.0013265411448577513,0.0
2019-03-29,45.44172286987305,45.47282392779045,45.10440780439011,45.413016447400935,94256000,0.07375244047619046,0,0,0.006517540689636281,0.0
2019-04-01,45.75032424926758,45.855582331740166,45.06612663622492,45.84601474255478,111448000,0.11792619047619043,0,0,0.0067911461076914925,0.0
2019-04-02,46.41537857055664,46.520640293266226,45.70486559262492,45.714433180890346,91062800,0.14171119047619046,0,0,0.014536603449312402,0.0
2019-04-03,46.73355865478515,47.008671557446235,46.20724999695969,46.231174445172954,93087200,,0,0,0.0068550573975141305,0.0
2019-04-04,46.81490707397461,46.97758167937359,46.20487000301009,46.59959793991464,76457200,,0,0,0.0017406853133177247,0.0
2019-04-05,47.12828826904297,47.15221271815539,46.872310534902006,46.996711099641466,74106400,0.15404869047619046,0,0,0.006694047145563431,0.0
2019-04-08,47.869903564453125,47.90100096863392,46.97039682086633,46.989535650555254,103526800,0.19064869047619046,0,0,0.01573609657063013,0.0
2019-04-09,47.72636032104492,48.52778186677969,47.66176723234471,47.922530571779554,143072800,0.20080202380952378,0,0,-0.0029986115015864234,-0.0
2019-04-10,47.99430847167969,48.0230185461718,47.41058684524809,47.53020181294771,86781200,0.22378202380952378,0,0,0.005614259055841231,0.0
2019-04-11,47.59479141235352,48.08521347387526,47.47278546841466,48.04933044635173,83603200,0.2452120238095238,0,0,-0.008324259105887744,-0.0
2019-04-12,47.57565689086914,47.87947993607481,46.939308026197594,47.654603208931675,111042800,0.23245702380952377,0,0,-0.0004020297372164805,-0.0
2019-04-15,47.66177749633789,47.810102533826864,47.36991669237575,47.50627950340221,70146400,,0,0,0.0018101821624092462,0.0
2019-04-16,47.66655731201172,48.17372352909881,47.50148809786507,47.71679719689231,102785600,0.20917827380952375,0,0,0.00010028613964707667,0.0
2019-04-17,48.59477615356445,48.65458363520854,47.51345586333893,47.73593794288261,115627200,0.20546160714285713,0,0,0.019473167224494103,0.0
2019-04-18,48.769405364990234,48.83878042671001,48.44883818950445,48.59237393282901,96783200,,0,0,0.003593579912251066,0.0
2019-04-22,48.9296989440918,49.02778409479204,48.40578479563251,48.52300877942249,77758000,0.22632124999999997,0,0,0.003286765091801369,0.0
2019-04-23,49.63542175292969,49.70001485209425,48.77897821899976,48.90576978194872,93292000,0.21221791666666667,0,0,0.014423199489624228,0.0
2019-04-24,49.55887222290039,49.87465382624778,49.53255678509153,49.60671747790951,70162400,0.21833125,0,0,-0.0015422359139071196,-0.0
2019-04-25,49.109107971191406,49.70239703333111,49.07083031547706,49.479915003913035,74172800,0.22584875,0,0,-0.00907535283866201,-0.0
2019-04-26,48.87467193603515,49.042132144995094,48.35314882772133,49.01820769356134,74596400,0.21806374999999995,0,0,-0.004773779138765533,-0.0
2019-04-29,48.94883346557617,49.27418629872509,48.76941102781814,48.89859357684603,88818800,,0,0,0.0015173816335398715,0.0
2019-04-30,48.00625991821289,48.65935647309257,47.63306188685307,48.57801918940816,186139600,0.21110874999999996,0,0,-0.019256302563903982,-0.0
2019-05-01,50.36268615722656,51.50859592194666,50.05407750166166,50.20957914721546,259309200,0.20902499999999996,0,0,0.04908581178846805,0.0
2019-05-02,50.03492736816406,50.87223193856366,49.79091552161982,50.19999656752873,127985200,0.21660333333333331,0,0,-0.006507968777504702,-0.0
2019-05-03,50.65693664550781,50.67846646268303,50.29330613721523,50.45119876388478,83569600,0.17503583333333333,0,0,0.012431501554242663,0.0
2019-05-06,49.874656677246094,49.96077960132917,48.6832926027295,48.87228264844447,129772400,,0,0,-0.015442701830472583,-0.0
2019-05-07,48.53018569946289,49.62107364012062,48.04454921404166,49.25266113924766,155054800,0.13866583333333332,0,0,-0.02695699714754285,-0.0
2019-05-08,48.53974151611328,49.12346301127,48.264628612418775,48.30051163451517,105358000,0.1327670833333333,0,0,0.00019690459685373085,0.0
2019-05-09,48.01823425292969,48.24789295306125,47.04696127241334,47.94167891931302,139634400,0.15553041666666667,0,0,-0.010743923368658148,-0.0
2019-05-10,47.35301208496094,47.7540678155775,46.29394807282086,47.41064969242825,164834800,,0,0,-0.013853532482364539,-0.0
2019-05-13,44.60088348388672,45.503850723802664,43.91165067654419,45.07878571600781,229722400,0.13816708333333333,0,0,-0.058119398954734725,-0.0
2019-05-14,45.30691909790039,45.55667469401269,44.52642782147756,44.76657898345382,146118800,0.14509374999999997,0,0,0.015830081354077707,0.0
2019-05-15,45.84966278076172,46.048988699608614,44.672923466199215,44.73296126111396,106178800,0.09552791666666666,0,0,0.011979267045030273,0.0
2019-05-16,45.647945404052734,46.22190668668866,45.350156565103816,45.60712013542873,132125600,0.11220041666666666,0,0,-0.004399538938236747,-0.0
2019-05-17,45.38856887817383,45.84485461277008,44.85062896487243,44.89145422201707,131516400,,0,0,-0.005682107345315046,-0.0
2019-05-20,43.969276428222656,44.271869244843735,43.29445223308519,44.07254333586166,154449200,,0,0,-0.03126982156588054,-0.0
2019-05-21,44.812225341796875,45.14843563072685,44.35593576177211,44.48081543955352,113459200,0.07504541666666667,0,0,0.01917131647481818,0.0
2019-05-22,43.89484024047851,44.59848522926416,43.839606485233176,44.346325712267024,118994400,0.10764041666666666,0,0,-0.02047175953260927,-0.0
2019-05-23,43.14556121826172,43.356891761625974,42.70128007629141,43.17918223637077,146118800,0.08648458333333332,0,0,-0.01706986557216872,-0.0
2019-05-24,42.979862213134766,43.741141106736286,42.89580782412961,43.275247174479105,94858800,0.062184583333333335,0,0,-0.0038404647071045295,-0.0
2019-05-28,42.80215072631836,43.36890774960242,42.72530424175307,42.96785565369627,111792800,-0.05788208333333332,0,0,-0.004134761668968201,-0.0
2019-05-29,42.598018646240234,43.071116776934666,42.26660883616166,42.367471894790725,113924800,-0.04216958333333332,0,0,-0.004769201468014295,-0.0
2019-05-30,42.818965911865234,43.04230480138282,42.4275182263985,42.73491151389066,84873600,-0.08324458333333333,0,0,0.005186796772401081,0.0
2019-05-31,42.043270111083984,42.74451113812914,42.024057576373885,42.32184270333962,108174400,,0,0,-0.018115706072348248,-0.0
2019-06-03,41.61820602416992,42.72770345770627,40.890548140562736,42.17055454799359,161584400,-0.09430333333333332,0,0,-0.010110157601703862,-0.0
2019-06-04,43.1407585144043,43.186387825636224,41.911185625871745,42.13212427525392,123872000,-0.08656583333333334,0,0,0.03658380876268774,0.0
2019-06-05,43.837196350097656,44.425569693638934,43.50098615185949,44.25506073740765,119093600,,0,0,0.016143384114603032,0.0
2019-06-06,44.48080062866211,44.5408384220099,43.743534767431555,43.96687726418169,90105200,-0.04031583333333334,0,0,0.014681693451023436,0.0
2019-06-07,45.664756774902344,46.08982549531718,44.61289683655015,44.79060640874679,122737600,0.006651666666666664,0,0,0.026617240011577614,0.0
2019-06-10,46.24831008911133,46.918330202398096,46.017763366874256,46.063392672847336,104883600,-0.005761666666666672,0,0,0.012779074179361638,0.0
2019-06-11,46.78385162353515,47.069632119136514,46.49327074262788,46.79585991563247,107731600,0.004729999999999993,0,0,0.011579699526143461,0.0
2019-06-12,46.634952545166016,47.06242130029933,46.44283089170463,46.57731494980288,73012800,,0,0,-0.0031827024326108733,-0.0
2019-06-13,46.62535095214844,47.259349931934366,46.49327073235591,46.75743483635723,86698400,-0.023511666666666674,0,0,-0.00020588834111667786,-0.0
2019-06-14,46.2867431640625,46.49086948345839,45.70077365536565,46.000962652491786,75046000,0.03334083333333332,0,0,-0.007262310763804236,-0.0
2019-06-17,46.56291198730469,46.8198755079618,46.149851665938094,46.325161000713024,58676400,0.032513333333333325,0,0,0.005966477750731114,0.0
2019-06-18,47.657997131347656,48.09987438779202,46.87990971552517,47.08163581115205,106204000,0.008583333333333321,0,0,0.023518399028427117,0.0
2019-06-19,47.51871490478515,48.001421143050344,47.38423082437452,47.95338797340395,84496800,0.027928333333333322,0,0,-0.002922536299178491,-0.0
2019-06-20,47.90055084228515,48.17672320392499,47.55713278618823,48.11908560771141,86056000,0.05507249999999999,0,0,0.008035485350668559,0.0
2019-06-21,47.737247467041016,48.23436212898712,47.585951063072045,47.74205151629512,191202400,0.04869499999999999,0,0,-0.0034092170626975893,-0.0
2019-06-24,47.68922424316406,48.06866356701845,47.59076137478577,47.679616143391534,72881600,0.05287999999999998,0,0,-0.0010059906346738812,-0.0
2019-06-25,46.96637344360352,47.852528321808336,46.89912773419168,47.653202379709434,84281200,,0,0,-0.015157529002249537,-0.0
2019-06-26,47.982208251953125,48.267988752912856,47.39383857231526,47.49470163187464,104270000,0.13241999999999998,0,0,0.021628981202250985,0.0
2019-06-27,47.96780014038086,48.40727725900729,47.92697487769968,48.09988036370736,83598800,0.167315,0,0,-0.00030028029340811724,-0.0
2019-06-28,47.53072738647461,47.910166740742824,47.32179700488019,47.71324098820172,124442400,0.1709675,0,0,-0.009111794842105114,-0.0
2019-07-01,48.4024772644043,49.10852241038683,48.186338976057606,48.79152105324501,109012000,0.23609999999999998,0,0,0.01834076450885025,0.0
2019-07-02,48.68584442138672,48.78190708557651,48.35683849952456,48.36884679060028,67740800,,0,0,0.005854393679779912,0.0
2019-07-03,49.08930587768555,49.096510120268974,48.67624553562588,48.81793385898848,45448000,0.2640875,0,0,0.00828703827763122,0.0
2019-07-05,49.04608154296875,49.25021154119225,48.726679987747495,48.834750965875664,69062000,0.21343499999999999,0,0,-0.0008805244634034759,-0.0
2019-07-08,48.03504180908203,48.36644795781788,47.64839824854326,48.22475963588795,101354400,0.20406749999999999,0,0,-0.020614077660841446,-0.0
2019-07-09,48.328025817871094,48.39286399948066,47.744456532471055,47.83811534810115,82312000,0.215665,0,0,0.006099380738618709,0.0
2019-07-10,48.80592346191406,48.92599905234842,48.40487142959324,48.47451732411825,71588400,0.2004075,0,0,0.009888623339260105,0.0
2019-07-11,48.45050811767578,49.08450718512967,48.44090368132173,48.82514343056897,80767200,0.2333075,0,0,-0.007282217383216438,-0.0
2019-07-12,48.82273483276367,48.99083992314614,48.55856707329398,48.61860486731744,70380800,,0,0,0.007682617366650435,0.0
2019-07-15,49.28142929077149,49.43992629757832,48.99084472686203,49.012457455369805,67789600,,0,0,0.009395099630920445,0.0
2019-07-16,49.11092376708984,49.49756737217515,48.87077255062486,49.13253649711167,67467200,0.2150725,0,0,-0.0034598331691160222,-0.0
2019-07-17,48.834747314453125,49.25260805148238,48.81553477898725,49.00285241925894,56430000,0.1897425,0,0,-0.0056235238812955,-0.0
2019-07-18,49.38949203491211,49.44232558710556,48.91879411475666,48.99084020087647,74162400,0.17642000000000002,0,0,0.011359631225015043,0.0
2019-07-19,48.6522331237793,49.59122524146757,48.59699937109666,49.42071626872984,83717200,0.19624000000000003,0,0,-0.014927444700416515,-0.0
2019-07-22,49.764122009277344,49.76652220160761,48.89717620400364,48.90678063774045,89111600,,0,0,0.022853809868690345,0.0
2019-07-23,50.153167724609375,50.16998006484622,49.78093269113096,50.06191277497595,73420800,0.19954,0,0,0.007817795223223234,0.0
2019-07-24,50.11234664916992,50.22761819035757,49.75211987659433,49.872195467452855,59966400,0.19729750000000001,0,0,-0.0008139281583089408,-0.0
2019-07-25,49.71609115600586,50.24922699204643,49.64644527175411,50.1651726253745,55638400,0.18394500000000003,0,0,-0.00790734259439485,-0.0
2019-07-26,49.88900375366211,50.36690222120476,49.744911590578496,49.82656210626511,70475600,0.18285333333333337,0,0,0.003478000656038427,0.0
2019-07-29,50.354888916015625,50.585435621109035,50.05710384977211,50.061907898574106,86693600,0.17282833333333333,0,0,0.009338433869193308,0.0
2019-07-30,50.138771057128906,50.47018091095403,49.78574847311957,50.13396700672682,135742800,0.21870833333333334,0,0,-0.004291894263676599,-0.0
2019-07-31,51.16180038452149,53.162259942885825,50.74393972057307,51.97351246001383,277125600,0.20487708333333338,0,0,0.020403956974273108,0.0
2019-08-01,50.054710388183594,52.360163260236135,49.64885795831171,51.36833768054362,216071600,0.22400708333333336,0,0,-0.021638996048169545,-0.0
2019-08-02,48.99564743041992,49.57440902069414,48.42168622562673,49.3582744127231,163448400,0.22004958333333335,0,0,-0.021158107789465586,-0.0
2019-08-05,46.43082809448242,47.70603026938217,46.24831451752972,47.547533276109434,209572000,0.15798458333333337,0,0,-0.0523479017106544,-0.0
2019-08-06,47.309776306152344,47.56673979424744,46.59892729347333,47.14407142719992,143299200,,0,0,0.018930272143355742,0.0
2019-08-07,47.79969024658203,47.924569888809515,46.546104432236135,46.92794393689847,133457600,,0,0,0.010355448253640986,0.0
2019-08-08,48.85395431518555,48.877970899702554,47.88374513000925,48.078267005581544,108038000,0.13123458333333332,0,0,0.022055876579219147,0.0
2019-08-09,48.451377868652344,48.87805782377925,48.041566775697305,48.52610700164048,98478800,0.17237958333333334,0,0,-0.008240406578676196,-0.0
2019-08-12,48.32843017578125,48.70690179869115,48.00781514188459,48.121115329740505,89927600,,0,0,-0.002537547914620575,-0.0
2019-08-13,50.37506103515625,51.13923220953117,48.32842973684251,48.458606141355304,188874000,0.16740208333333334,0,0,0.04234838276209163,0.0
2019-08-14,48.87563705444336,49.76516218419025,48.83706600183355,48.97447399737924,146189600,,0,0,-0.029765204247920618,-0.0
2019-08-15,48.632179260253906,49.451794151476854,48.133175768034526,49.04680900852128,108909600,,0,0,-0.004981168714348616,-0.0
2019-08-16,49.779640197753906,49.938743078281775,49.13841005138823,49.24447863840681,110481600,,0,0,0.023594684732497706,0.0
2019-08-19,50.707733154296875,51.281462059755455,50.63059103148695,50.772817682286515,97654400,,0,0,0.01864402701297241,0.0
2019-08-20,50.710147857666016,51.43092947115553,50.700506930459206,50.83550198139012,107537200,,0,0,4.76200220149714e-05,0.0
2019-08-21,51.2597770690918,51.503250044120115,51.00907247845251,51.34415082233921,86141600,0.17035708333333335,0,0,0.010838643440135298,0.0
2019-08-22,51.21638107299805,51.69368603628519,50.80416064220066,51.392356495109624,89014800,0.16649958333333334,0,0,-0.0008465896376267379,-0.0
2019-08-23,48.84912872314453,51.1175381268169,48.453784558457826,50.48594898105326,187272000,0.11204791666666666,0,0,-0.04622060950537488,-0.0
2019-08-26,49.777225494384766,49.94596928348397,49.43250262391042,49.62535424502612,104174400,0.20964208333333337,0,0,0.018999249229198822,0.0
2019-08-27,49.21554946899414,50.27381861209073,49.06367821155097,50.10748412600324,103493200,0.19356208333333333,0,0,-0.011283795346407666,-0.0
2019-08-28,49.545806884765625,49.59160956235751,49.01305832980717,49.20108766430298,63755200,0.18041208333333333,0,0,0.006710428296234916,0.0
2019-08-29,50.38471603393555,50.459448860983215,49.818218619908656,50.26177488719074,83962000,0.14478958333333333,0,0,0.01693199085688657,0.0
2019-08-30,50.31961441040039,50.731831083775106,49.94837442702438,50.66192426210318,84573600,,0,0,-0.0012920907104311263,-0.0
2019-09-03,49.586788177490234,49.89534933100552,49.23001503342677,49.762763598243694,80092000,0.13088208333333334,1,1,-0.014563431009890437,-0.0
2019-09-04,50.42810821533203,50.49801505908247,49.97732034291405,50.23525654940244,76752400,0.07737458333333333,1,1,0.016966616890579544,0.016966616890579544
2019-09-05,51.41405487060547,51.580389377293194,50.98737118105949,51.10549369351554,95654800,0.08723208333333335,1,1,0.019551529695767345,0.019551529695767345
2019-09-06,51.40922546386719,51.688860141445595,51.228427751726834,51.5996677805248,77449200,,1,0,-9.393164476978466e-05,-9.393164476978466e-05
2019-09-09,51.62860107421875,52.17581658536241,50.8813059720828,51.79011327705141,109237600,0.07221208333333333,1,1,0.00426724208295548,0.0
2019-09-10,52.23849105834961,52.25777659132172,51.03558582572097,51.55387119036651,127111600,,1,0,0.011813025560272417,0.011813025560272417
2019-09-11,53.899410247802734,53.92834038150594,52.48677738352916,52.568741804293104,177158400,0.04205708333333334,0,0,0.03179493043927906,0.0
2019-09-12,53.77888488769531,54.581627225262366,53.723441282159314,54.191105317709415,128906800,0.043173333333333334,0,0,-0.0022361164909469045,-0.0
2019-09-13,52.73267364501953,53.224441874485464,52.31563455881338,53.03400320870536,159053200,-0.016146666666666663,0,0,-0.019453940795919222,-0.0
2019-09-16,53.009891510009766,53.06533879409248,52.44580349069043,52.48678386696517,84632400,,0,0,0.0052570417130066716,0.0
2019-09-17,53.20274353027344,53.23167366775572,52.82186254541924,53.024358794438605,73274800,,0,0,0.003638038388123377,0.0
2019-09-18,53.70174026489258,53.721025794674944,52.89899801960268,53.2895198822642,101360000,,0,0,0.009379154184693483,0.0
2019-09-19,53.26542282104492,53.94039806160679,53.12319247975443,53.518536697086034,88242400,,0,0,-0.008124828761515879,-0.0
2019-09-20,52.486785888671875,53.65112372417019,52.424110665779736,53.36667039142208,221652400,-0.05017416666666665,0,0,-0.014618055975806676,-0.0
2019-09-23,52.725433349609375,52.995423417155,52.46749351995584,52.7808769502649,76662000,-0.0012516666666666566,0,0,0.0045468103427726,0.0
2019-09-24,52.474727630615234,53.63424674575904,52.35660880961368,53.28229223810173,124763200,0.008728333333333341,0,0,-0.0047549295106172895,-0.0
2019-09-25,53.28229141235352,53.39559160754861,52.34455408159378,52.68445466717906,87613600,,0,0,0.015389575481419504,0.0
2019-09-26,53.00748443603515,53.260601997444645,52.75195756239218,53.03400158396071,75334000,-0.017241666666666662,0,0,-0.00515756678314816,-0.0
2019-09-27,52.74955368041992,53.26542978361861,52.37831357124517,53.16417980596028,101408000,,0,0,-0.00486593088427878,-0.0
2019-09-30,53.99102020263672,54.138069160522186,53.22443596499704,53.25095311079078,103909600,0.017948333333333337,0,0,0.023535109505156138,0.0
2019-10-01,54.140480041503906,55.015542199716855,54.04646537248146,54.25619323286931,139223200,0.026218333333333337,0,0,0.002768235130698349,0.0
2019-10-02,52.78329086303711,53.89700358946659,52.53499195502535,53.77164947948432,138449200,,0,0,-0.02506791918775708,-0.0
2019-10-03,53.23167037963867,53.26541913933405,51.86001779212852,52.65552479613937,114426000,0.03534833333333333,0,0,0.008494724547679855,0.0
2019-10-04,54.72385025024414,54.839563434552865,53.9717329439318,54.393594272751145,138478800,0.05305,0,0,0.028031806252997615,0.0
2019-10-07,54.73590469360352,55.42775610245832,54.44180678441432,54.545466053229646,122306000,,0,0,0.0002202776907007653,0.0
2019-10-08,54.09467315673828,54.97696686101353,54.07780061660475,54.43698672331933,111820000,0.005964999999999998,0,0,-0.011715007552258072,-0.0
2019-10-09,54.72868728637695,54.91189436001317,54.39360891641107,54.72868728637695,74770400,0.059365,0,0,0.011720454023294025,0.0
2019-10-10,55.46632766723633,55.550701405913,54.793761783186426,54.94562936312992,113013600,0.0732075,0,0,0.013478130345051964,0.0
2019-10-11,56.9416389465332,57.28635815539872,56.00148862734388,56.15576919605623,166795600,,0,0,0.026598322646269823,0.0
2019-10-14,56.85968017578125,57.40448636193365,56.57040454046754,56.625848148304016,96427600,0.1107825,0,0,-0.0014393468868872938,-0.0
2019-10-15,56.72710037231445,57.288775444714695,56.62103177686635,56.98503656730013,87360000,0.11444000000000001,0,0,-0.0023317015336161706,-0.0
2019-10-16,56.498085021972656,56.707812893355445,56.216041000119205,56.257021378165675,73903200,0.15089,0,0,-0.0040371418394156144,-0.0
2019-10-17,56.71744918823242,56.92717336414667,56.293178533986655,56.67164651111575,67585200,,0,0,0.0038826832126159783,0.0
2019-10-18,56.98986053466797,57.271904574434195,56.4788030760689,56.55112290947193,97433600,0.1613575,0,0,0.004802954828442285,0.0
2019-10-21,57.97821807861328,58.09393128089632,57.209228112433294,57.25744010754817,87247200,,0,0,0.01734269104491104,0.0
2019-10-22,57.84563064575195,58.38561082629201,57.76366621548646,58.13490626794685,82293600,0.1607725,0,0,-0.002286849048750539,-0.0
2019-10-23,58.62184524536133,58.63631215135406,58.149362643081595,58.36149979091092,75828800,0.18852249999999998,0,0,0.013418724818870631,0.0
2019-10-24,58.71828079223633,59.012378721892325,58.29159712735194,58.94246820770864,69275200,0.2518725,0,0,0.0016450445473248365,0.0
2019-10-25,59.44147872924805,59.477636807523595,58.54954390783496,58.61704143950906,73477200,,0,0,0.01231640176201032,0.0
2019-10-28,60.03689193725586,60.08510392289033,59.475213292684366,59.643957081574385,96572800,0.2392525,0,0,0.010016796700497377,0.0
2019-10-29,58.64835739135742,60.205629753397666,58.474794995959456,60.01760045323971,142839600,0.24385249999999997,0,0,-0.02312802180615192,-0.0
2019-10-30,58.64113998413086,59.13291187162971,58.14696246276344,59.00273544562267,124522000,0.2676225,0,0,-0.0001230623933489161,-0.0
2019-10-31,59.966983795166016,60.06582076053263,57.194752211017715,59.6005697472304,139162000,0.24652083333333336,0,0,0.022609448100667118,0.0
2019-11-01,61.66890335083008,61.695416820540515,60.063418594376806,60.15502027808922,151125200,0.21368833333333334,0,0,0.028380943111586898,0.0
2019-11-04,62.073883056640625,62.15825679620855,61.56282935184472,62.03289900370376,103272000,,0,0,0.006567000283865143,0.0
2019-11-05,61.98470306396485,62.24022996736107,61.789442078476775,61.96541385049375,79897600,0.20584833333333333,0,0,-0.0014366749474074014,-0.0
2019-11-06,62.011207580566406,62.07147348977056,61.560419756787894,61.89790737699547,75864400,0.23423333333333335,0,0,0.00042759770219769067,0.0
2019-11-07,62.72689056396485,62.9493381730622,62.4077294904286,62.56005670183291,94940400,0.2431795833333333,0,0,0.011541187654967144,0.0
2019-11-08,62.89856719970703,62.97110045600225,62.10308472143455,62.54797257716268,69986400,,0,0,0.0027368905775284613,0.0
2019-11-11,63.39664459228515,63.46192451885535,62.44883495649142,62.45366804701967,81821200,0.25822958333333335,0,0,0.00791873988157299,0.0
2019-11-12,63.338619232177734,63.53930688725742,63.087165672731985,63.23948552212569,87388800,0.27879458333333335,0,0,-0.0009152749405049176,-0.0
2019-11-13,63.94548797607422,64.02044144930056,63.123412626042615,63.137919273843664,102734400,0.25491291666666666,0,0,0.009581338388068072,0.0
2019-11-14,63.50303649902344,64.04463783041759,63.37246925707495,63.77141692988812,89182800,0.2641529166666666,0,0,-0.0069191977581957165,-0.0
2019-11-15,64.2574234008789,64.26225649264472,63.59250803416043,63.75450146412467,100206400,0.30668291666666664,0,0,0.01187954062428287,0.0
2019-11-18,64.5813980102539,64.66118458335217,63.88746954632591,64.26707005063002,86703200,0.27363041666666665,0,0,0.005041823842730775,0.0
2019-11-19,64.38557434082031,64.79902876426905,64.16796713788763,64.77484854643953,76167200,0.2574754166666667,0,0,-0.0030321992937114572,-0.0
2019-11-20,63.63601303100586,64.33477463328865,62.96142426063342,64.20421477742119,106234400,0.22266541666666667,0,0,-0.01164175853812699,-0.0
2019-11-21,63.3506965637207,63.834271192189206,63.15000896079886,63.75689748073107,121395200,,0,0,-0.004483569188191261,-0.0
2019-11-22,63.29508590698242,63.63358668763961,63.06780523023468,63.49093305074707,65325200,0.2271829166666667,0,0,-0.0008778223406327168,-0.0
2019-11-25,64.4048843383789,64.42181122091748,63.47400172267781,63.51994190170359,84020400,0.22554041666666666,0,0,0.0175337218599787,0.0
2019-11-26,63.902000427246094,64.59592915430783,63.46919887174223,64.54273562581703,105207600,0.22001874999999999,0,0,-0.007808164183491062,-0.0
2019-11-27,64.76032257080078,64.79417634141542,64.14860087392508,64.2138808016992,65235600,0.21329374999999998,0,0,0.013431850925103683,0.0
2019-11-29,64.61769104003906,64.79903161358453,64.29127653190383,64.46053068538635,46617600,,0,0,-0.002202452444639791,-0.0
2019-12-02,63.87053680419922,64.85944601833758,63.69886987985954,64.62249179777793,94487200,0.16994874999999998,0,0,-0.011562688542629651,-0.0
2019-12-03,62.73174285888672,62.75108260391447,61.967693801889936,62.456101685572456,114430400,0.16014541666666665,0,0,-0.01782972247131054,-0.0
2019-12-04,63.285438537597656,63.665046567427005,63.029144456267865,63.12344509424204,67181600,,0,0,0.008826403563447327,0.0
2019-12-05,64.21388244628906,64.28884331474642,63.52479438806527,63.78108839387271,74424400,,0,0,0.014670735166665949,0.0
2019-12-06,65.45423889160156,65.52435927569928,64.62974330087276,64.67327062338065,106075600,,0,0,0.01931601700535679,0.0
2019-12-09,64.53789520263672,65.47602410408834,64.05190017384767,65.28259713814829,128042400,0.15734583333333335,0,0,-0.013999760817361206,-0.0
2019-12-10,64.91507720947266,65.29951825094075,64.28158808770608,64.9440905139208,90420400,0.1295258333333333,0,0,0.00584434936484457,0.0
2019-12-11,65.46878051757812,65.54857450250509,64.91992570152281,64.99487921538338,78756800,0.11721083333333333,0,0,0.008529656466690128,0.0
2019-12-12,65.63558197021484,65.90154949046722,64.63458633060003,64.74580642860984,137310400,0.11640458333333333,0,0,0.0025478014302089402,0.0
2019-12-13,66.52780151367188,66.56406814785298,65.50745839237051,65.63560541898762,133587600,0.07883791666666666,0,0,0.013593534431703747,0.0
2019-12-16,67.66659545898438,67.89146327320036,66.97025417939861,66.97508726941703,128186000,,0,0,0.017117564678256647,0.0
2019-12-17,67.79961395263672,68.12844131475995,67.4103323544064,67.59651339742528,114158400,0.08171041666666666,0,0,0.0019657926152494287,0.0
2019-12-18,67.63758850097656,68.15985004368967,67.48768152995748,67.65209515115492,116028400,0.08231208333333334,0,0,-0.0023897695313330747,-0.0
2019-12-19,67.70529174804688,67.98576596222193,67.4465848888958,67.57956498118126,98369200,0.08225541666666666,0,0,0.0010009707408378254,0.0
2019-12-20,67.5650634765625,68.34119887066039,67.35228940968788,68.23965230704795,275978000,0.08036041666666668,0,0,-0.0020711567421674015,-0.0
2019-12-23,68.66761779785156,68.7280646445046,67.78992840384697,67.82861527115676,98572000,,0,0,0.016318408724229627,0.0
2019-12-24,68.73289489746094,68.88280926913254,68.40648784202634,68.83444884230103,48478800,0.12144291666666669,0,0,0.0009506242054522218,0.0
2019-12-26,70.09657287597656,70.11349976170649,68.83686282423325,68.86587612619056,93121200,0.1331429166666667,0,0,0.01984025233550879,0.0
2019-12-27,70.0699691772461,71.07822564604481,69.66376821117122,70.38913024148955,146266000,,0,0,-0.0003795292357237079,-0.0
2019-12-30,70.48585510253906,70.76874958677095,68.96259754402517,69.987773684802,144114400,0.17075791666666668,0,0,0.005935294822821513,0.0
2019-12-31,71.00086212158203,71.00811544777629,70.00227906916965,70.10141277966798,100805600,0.14704708333333333,0,0,0.007306530059027594,0.0
2020-01-02,72.62083435058594,72.68128119000231,71.37321069958021,71.62708447362316,135480400,0.15877125,0,0,0.02281623322023707,0.0
2020-01-03,71.91482543945312,72.67645428247283,71.68996492576686,71.84712526182395,146322800,0.12702625,0,0,-0.009721850725708636,-0.0
2020-01-06,72.48785400390625,72.52654087038833,70.78325591626742,71.03471685901826,118387200,0.14952625000000003,0,0,0.00796815623136804,0.0
2020-01-07,72.14693450927734,72.75381577050801,71.9269071243437,72.49752175701711,108872000,,0,0,-0.004703125776223671,-0.0
2020-01-08,73.30750274658203,73.60973691556963,71.84952541053639,71.84952541053639,132079200,,0,0,0.016086175319832252,0.0
2020-01-09,74.86463928222656,75.05806626477451,74.03531021087177,74.28676381243083,170108400,0.1544579166666667,0,0,0.021241161918002183,0.0
2020-01-10,75.03387451171875,75.59966347515947,74.53096000715122,75.09916182683553,140644800,0.16312125000000002,0,0,0.002260549588093186,0.0
2020-01-13,76.63692474365234,76.66352519200935,75.23214067732687,75.35062150930146,121532000,0.16510625,0,0,0.02136435366513334,0.0
2020-01-14,75.6020736694336,76.78441745974806,75.47876712733354,76.57406362681236,161954400,0.19585166666666667,0,0,-0.013503295933132597,-0.0
2020-01-15,75.27808380126953,76.28392021153914,74.84528231468065,75.40139772921896,121923600,0.22518291666666665,0,0,-0.004285462718664257,-0.0
2020-01-16,76.2210464477539,76.33227394816954,75.45941772509225,75.82209877195635,108829200,0.22212791666666667,0,0,0.012526390137317378,0.0
2020-01-17,77.06489562988281,77.06730848616459,76.16302603037396,76.47009335198214,137816400,0.20047791666666667,0,0,0.011071078415425983,0.0
2020-01-21,76.5426254272461,77.1350000250309,76.40480486276103,76.69253240808335,110843200,0.22865708333333337,0,0,-0.006777018230778031,-0.0
2020-01-22,76.81584930419922,77.36953706088629,76.7215486894379,77.02861598860008,101832400,,0,0,0.0035695650028730874,0.0
2020-01-23,77.185791015625,77.26557760751265,76.32018802900329,76.86905012564355,104472000,0.22000708333333335,0,0,0.004815955493257196,0.0
2020-01-24,76.96332550048828,78.17709525774193,76.77231144105775,77.43239351756245,146537600,0.21082375,0,0,-0.002882208139729836,-0.0
2020-01-27,74.70021057128906,75.38204534370864,73.71613420898714,74.96859100895418,161940000,0.24294375,0,0,-0.029405108400427205,-0.0
2020-01-28,76.81342315673828,76.9850901077203,75.48359274307904,75.58272644118536,162234000,0.24443375,0,0,0.02828924536206645,0.0
2020-01-29,78.42131805419922,79.2699941203994,77.70562947444549,78.44791850299463,216229200,0.23468675,0,0,0.020932472885370812,0.0
2020-01-30,78.30766296386719,78.36085647268922,77.06971298993307,77.50251438540494,126743200,0.20940175,0,0,-0.0014492881929564216,-0.0
2020-01-31,74.83561706542969,78.01995284367814,74.54063615595594,77.59682491329659,199588400,,0,0,-0.04433852022936213,-0.0
2020-02-03,74.63009643554688,75.79792627872014,73.0729850588055,73.57589958168212,173788400,0.20042508333333336,0,0,-0.002746294317358622,-0.0
2020-02-04,77.09392547607422,77.28493961664756,75.83179476448423,76.2379958862273,136616400,0.18306008333333335,0,0,0.033013879898375675,0.0
2020-02-05,77.7225341796875,78.52284958990063,77.11806590135353,78.22302830628803,118826800,0.19736508333333333,0,0,0.008153803295544604,0.0
2020-02-06,78.63166809082031,78.63408832571153,77.43482504328904,77.99335327455661,105425600,0.19180758333333334,0,0,0.01169717277914506,0.0
2020-02-07,77.56285095214844,78.3796069749616,77.07085803475874,78.12997524636046,117684000,,0,0,-0.013592705898562207,-0.0
2020-02-10,77.9312515258789,77.9312515258789,76.06507446922856,76.1450504217699,109348800,0.18238258333333332,0,0,0.0047497038750903275,0.0
2020-02-11,77.4610595703125,78.500791189116,77.24293596960018,78.42808578763751,94323200,0.17512258333333336,0,0,-0.006033419794500117,-0.0
2020-02-12,79.30058288574219,79.30542744679461,77.91185062961374,77.91185062961374,113730400,0.15881383333333338,0,0,0.023747716925559548,0.0
2020-02-13,78.73589324951172,79.06308239609403,78.36750683488538,78.57108938477977,94747600,0.14631716666666666,0,0,-0.007120876236736962,-0.0
2020-02-14,78.75526428222656,79.0048959887249,78.24630435157947,78.70436311176876,80113600,,0,0,0.00024602543916607544,0.0
2020-02-18,77.313232421875,77.49500334449696,76.24926307124777,76.43103399386973,152531200,0.13428175000000003,0,0,-0.018310291680108004,-0.0
2020-02-19,78.43294525146484,78.66319139368892,77.55559872430071,77.55559872430071,93984000,0.11122175000000004,0,0,0.014482809662903717,0.0
2020-02-20,77.6282958984375,78.68256868592816,77.12176183559734,78.19300168361448,100566000,0.09996425000000002,0,0,-0.010259073536605712,-0.0
2020-02-21,75.87118530273438,77.66466444490703,75.25316708230885,77.22113922163652,129554000,0.10417725000000003,0,0,-0.022634924229200992,-0.0
2020-02-24,72.26725006103516,73.72141704412205,70.09812208236266,72.04428193220959,222195200,0.09847475000000003,0,0,-0.047500710939457735,-0.0
2020-02-25,69.81939697265625,73.32151855543881,69.34679716700752,72.93859119205945,230673600,0.09433600000000002,0,0,-0.03387223239173354,-0.0
2020-02-26,70.92698669433594,72.19453812907042,69.43646715097833,69.44373768938398,198054800,0.05425100000000003,0,0,0.01586363918487388,0.0
2020-02-27,66.29063415527344,69.31530465753468,66.15491247212168,68.12773623181833,320605600,0.03332600000000003,0,0,-0.06536796154957403,-0.0
2020-02-28,66.25184631347656,67.47577466773187,62.13413237510461,62.34983736802518,426510000,0.004191000000000023,0,0,-0.0005851179776923399,-0.0
2020-03-02,72.41995239257812,73.05736355673497,67.30855537364073,68.41372189685545,341397200,-0.008665666666666646,0,0,0.09310089336856531,0.0
2020-03-03,70.11994171142578,73.6778022281249,69.26682558358837,73.59782628927844,319475600,-0.025818666666666646,0,0,-0.031759350913189155,-0.0
2020-03-04,73.3724365234375,73.53239582305254,71.04334864954015,71.84556373045045,219178400,,0,0,0.046384733538387124,0.0
2020-03-05,70.992431640625,72.59927985968368,70.62646393562468,71.62256471651843,187572800,-0.008666166666666657,0,0,-0.032437315640352904,-0.0
2020-03-06,70.04966735839844,70.48349603940056,68.15925268654892,68.34586817457833,226176800,0.03089633333333334,0,0,-0.013279785752359996,-0.0
2020-03-09,64.50928497314453,67.3982263851532,63.74099670150595,63.92276760464713,286744800,0.034793833333333336,0,0,-0.0790922012078571,-0.0
2020-03-10,69.15533447265625,69.42193323548972,65.28482634158217,67.16797734192903,285290000,0.032411333333333334,0,0,0.07202140748337071,0.0
2020-03-11,66.75353240966797,68.15680559462812,65.88830129483978,67.228565607775,255598800,0.012498,0,0,-0.03473053931852421,-0.0
2020-03-12,60.16131591796875,65.43751995097615,60.105573880896614,62.02992228152743,418474000,0.009166333333333332,0,0,-0.09875457153701817,-0.0
2020-03-13,67.369140625,67.8417479064298,61.30526258468153,64.19905949793468,370732000,0.006258833333333333,0,0,0.11980829536473703,0.0
2020-03-16,58.70231246948242,62.7909413516552,58.166692548418034,58.63929618574619,322423600,-0.003326166666666673,0,0,-0.12864685633679296,-0.0
2020-03-17,61.2834587097168,62.43467081545571,57.77891381431024,59.98682469346223,324056000,0.023361333333333324,0,0,0.0439700947313828,0.0
2020-03-18,59.783233642578125,60.59029684026707,57.46868356365228,58.110942929042054,300233600,,0,0,-0.024480097871839024,-0.0
2020-03-19,59.32517623901367,61.27860698512917,58.79925286107015,59.95773914025238,271857200,0.06020633333333332,0,0,-0.007661971018546931,-0.0
2020-03-20,55.55887985229492,61.033818180361195,55.258350649014375,59.90683644166283,401693200,,0,0,-0.06348563334299784,-0.0
2020-03-23,54.37858200073242,55.379534953760505,51.52841558126917,55.27774369215165,336752800,0.061273833333333326,0,0,-0.02124409013825257,-0.0
2020-03-24,59.834136962890625,60.03044895212406,56.78523248433621,57.28449598735918,287531200,0.04441333333333332,0,0,0.10032543625511825,0.0
2020-03-25,59.5045280456543,62.58978535507417,59.20884706003286,60.77207619664994,303602000,0.028614166666666645,0,0,-0.005508710143855677,-0.0
2020-03-26,62.635833740234375,62.69399806571646,59.70810978448486,59.74688846689872,252087200,0.057562916666666644,0,0,0.05262298177001945,0.0
2020-03-27,60.04257583618164,62.012970232420024,59.87534598635253,61.256804335598744,204216800,0.09463541666666664,0,0,-0.04140214553234156,-0.0
2020-03-30,61.75606155395508,61.92813964643738,60.444886473049856,60.76965331673908,167976400,,0,0,0.028537844919386268,0.0
2020-03-31,61.630035400390625,63.61739674195396,61.0750298122147,61.947531717359034,197002000,0.07732041666666664,0,0,-0.002040709047715805,-0.0
2020-04-01,58.387245178222656,60.28008580485976,57.95584248192985,59.742043574986454,176218400,,0,0,-0.05261704299049319,-0.0
2020-04-02,59.36152648925781,59.41484624870322,57.41536636391571,58.2490894772747,165934000,0.08522708333333331,0,0,0.016686543577475454,0.0
2020-04-03,58.508419036865234,59.54814697291925,57.91705710849798,58.84530096187596,129880000,0.1403820833333333,0,0,-0.014371386701906297,-0.0
2020-04-06,63.6125373840332,63.767644688716175,60.4400305164741,60.808416836837694,201820400,,0,0,0.08723733150184665,0.0
2020-04-07,62.87575912475586,65.84953553567023,62.7715455925078,65.63140455674476,202887200,0.11136708333333334,0,0,-0.0115822806254271,-0.0
2020-04-08,64.48506164550781,64.80012832217328,63.31203404517182,63.67799451502323,168895200,0.10272708333333333,0,0,0.02559495969756531,0.0
2020-04-09,64.95037078857422,65.45448618898067,64.15300782522117,65.12245255308986,161834800,0.11479958333333332,0,0,0.007215766430128223,0.0
2020-04-13,66.22521209716797,66.33427761905986,64.42688835328676,65.02794692079961,131022800,0.1134570833333333,0,0,0.019627929650218645,0.0
2020-04-14,69.56978607177734,69.86062249775517,67.38853506577631,67.8611424089209,194994800,,0,0,0.050503031529775866,0.0
2020-04-15,68.9347915649414,69.39527634714266,68.0138220005389,68.44279864460466,131154400,0.13147375,0,0,-0.009127446592703259,-0.0
2020-04-16,69.48253631591797,69.8485041120879,68.43068954557212,69.64976614355342,157125200,0.15224041666666668,0,0,0.007945838937665428,0.0
2020-04-17,68.53974914550781,69.54555411214668,67.1001229261611,68.99781539542603,215250000,0.14860916666666665,0,0,-0.013568692514671077,-0.0
2020-04-20,67.11710357666016,68.26831958944639,67.09771792975488,67.36431680144536,130015200,0.15686083333333337,0,0,-0.020756503876712795,-0.0
2020-04-21,65.04247283935547,67.19464143835056,64.32993033303205,66.95955078291355,180991600,0.14613083333333335,0,0,-0.03091061185223931,-0.0
2020-04-22,66.91593933105469,67.35218660120425,65.9707319815453,66.3124548186049,116862400,0.15132583333333333,0,0,0.028803740231807984,0.0
2020-04-23,66.65660858154297,68.28527633787508,66.61782989731152,66.86019112654976,124814400,0.15899333333333332,0,0,-0.003875470509779877,-0.0
2020-04-24,68.58094787597656,68.5906443947667,67.13405124110245,67.18252643877639,126161200,0.11320500000000003,0,0,0.028869444986531212,0.0
2020-04-27,68.62945556640625,68.96148937847232,67.8490518505431,68.29741435805994,117087600,0.11515083333333336,0,0,0.0007073056283417589,0.0
2020-04-28,67.51699829101562,69.27411747115775,67.42490722272382,69.09234652148788,112004800,,0,0,-0.01620961824932743,-0.0
2020-04-29,69.73458099365234,70.20476224764936,68.8039150032608,69.0074974952581,137280800,0.11922583333333334,0,0,0.032844805882488615,0.0
2020-04-30,71.20571899414062,71.38264533626065,69.8848548660731,70.27505285549175,183064000,0.14843083333333335,0,0,0.021096247794508027,0.0
2020-05-01,70.0593490600586,72.46599383609758,69.27894575366496,69.37588874776901,240616800,0.13652958333333334,0,0,-0.0160994081693967,-0.0
2020-05-04,71.05060577392578,71.17905690592906,69.3928561586041,70.08358701405723,133568000,0.11417958333333336,0,0,0.014148814214894223,0.0
2020-05-05,72.11699676513672,72.95071986963468,71.36567557958281,71.51109377618626,147751200,0.1307079166666667,0,0,0.015008893725748873,0.0
2020-05-06,72.86105346679688,73.49361268962589,72.43449536031221,72.81984880576161,142333600,,0,0,0.010317355617058377,0.0
2020-05-07,73.61479949951172,73.96138168836862,73.18582277419723,73.488774319377,115215200,,0,0,0.010344978515282266,0.0
2020-05-08,75.36695098876953,75.42041508755761,73.9477309492938,74.27580576384341,133838400,0.13198291666666667,0,0,0.023801620070559748,0.0
2020-05-11,76.5528793334961,77.04862926819315,74.66463023297625,74.8736289600459,145946400,0.09601041666666668,0,0,0.015735389705539227,0.0
2020-05-12,75.67801666259766,77.69019956686239,75.5565080151993,77.2381835420649,162301200,0.12552291666666668,0,0,-0.011428213785234287,-0.0
2020-05-13,74.7642593383789,76.78130706727246,73.68526209938001,75.85783701982658,200622400,0.13614541666666666,0,0,-0.01207427684439244,-0.0
2020-05-14,75.22355651855469,75.28431082691709,73.27698610540817,74.00118013095506,158929200,,0,0,0.006143271989053289,0.0
2020-05-15,74.77885437011719,74.82502825231288,72.95622454544424,72.99025052866202,166348400,0.10300208333333336,0,0,-0.005911740537391519,-0.0
2020-05-18,76.54071044921875,76.9149590881701,75.41311427356375,76.10571491448931,135178400,0.11608958333333333,0,0,0.023560886214988974,0.0
2020-05-19,76.09844970703125,77.40587670296324,76.06685626775942,76.55774860082086,101729600,0.12413458333333334,0,0,-0.005778111276885989,-0.0
2020-05-20,77.57840728759766,77.64887695753947,76.91982513329616,76.95870878721165,111504800,0.12143958333333335,0,0,0.019447933384504346,0.0
2020-05-21,77.0000228881836,77.98181472796601,76.76186329555514,77.43988355018321,102688800,0.09099958333333333,0,0,-0.007455481745969328,-0.0
2020-05-22,77.49578094482422,77.57840592683334,76.6354977307433,76.73756083121987,81803200,,0,0,0.006438414406195081,0.0
2020-05-26,76.97087097167969,78.79592582486933,76.91497432363046,78.61609539871866,125522000,0.12532458333333335,0,0,-0.006773400651556183,-0.0
2020-05-27,77.30622100830078,77.4520328550853,76.08627697001077,76.82748410104101,112945200,0.15659958333333335,0,0,0.0043568434706224846,0.0
2020-05-28,77.34024047851562,78.6015006101808,76.70353646464031,76.9805722755511,133560800,0.18383958333333333,0,0,0.00044006122367812317,0.0
2020-05-29,77.26493072509766,78.04501428017177,76.90769495227487,77.58328283504785,153532400,,0,0,-0.0009737460467152959,-0.0
2020-06-01,78.2151107788086,78.33661941527829,77.0875070725464,77.2187384764973,80791200,0.15657258333333335,0,0,0.012297688547623364,0.0
2020-06-02,78.57720184326172,78.60150505310432,77.50549481099908,77.94778801471988,87642800,0.11674725000000001,0,0,0.004629425961910627,0.0
2020-06-03,79.00978088378906,79.27224371259338,78.32447033961016,78.89799500589793,104491200,0.10332725000000002,0,0,0.005505146917679893,0.0
2020-06-04,78.329345703125,79.13129990633254,77.95509694735473,78.832393344048,87560400,0.10911225000000002,0,0,-0.008612037307948905,-0.0
2020-06-05,80.56023406982422,80.62098839416043,78.55048369064991,78.5796445797234,137250400,0.11184350000000003,0,0,0.028480875802977756,0.0
2020-06-08,81.03655242919922,81.07057841339436,79.54442995968292,80.25646891839591,95654400,0.10891350000000002,0,0,0.0059125741735328585,0.0
2020-06-09,83.59549713134766,83.98918386938145,80.68415537333125,80.71574880080514,147712400,0.11613350000000003,0,0,0.0315776600242732,0.0
2020-06-10,85.7462158203125,86.21523738880465,84.10584918729383,84.5457098689179,166651600,0.11684016666666668,0,0,0.02572768585352847,0.0
2020-06-11,81.6294937133789,85.3136361549305,81.5274306203534,84.88835596262886,201662400,0.11868016666666667,0,0,-0.04801053979525449,-0.0
2020-06-12,82.3342514038086,84.52140692132026,81.22123552584637,83.77291696294331,200146000,0.17124516666666667,0,0,0.008633615846060039,0.0
2020-06-15,83.35250854492188,84.0062257316245,80.82269734370952,80.9855222119288,138808800,0.14242766666666667,0,0,0.01236735773693054,0.0
2020-06-16,85.56153106689453,85.83371668323046,83.7729272287711,85.41086152161019,165428800,0.17643100000000003,0,0,0.02650217204659322,0.0
2020-06-17,85.44244384765625,86.36833908315948,85.32093520870518,86.30758476368395,114406400,0.16907725,0,0,-0.0013918313259866366,-0.0
2020-06-18,85.47644805908203,85.89443796728098,84.86647247366753,85.39868077004574,96820400,,0,0,0.00039797798254004313,0.0
2020-06-19,84.98800659179688,86.65024395832843,83.8774158013372,86.18365491665244,264476000,0.13562725000000003,0,0,-0.005714339778690181,-0.0
2020-06-22,87.21162414550781,87.3550034738647,85.33553014482946,85.3817040287766,135445200,,0,0,0.026163898212028025,0.0
2020-06-23,89.07312774658203,90.4947803881452,88.03787170937105,88.45829429442931,212155600,0.12057558333333333,0,0,0.021344673021665095,0.0
2020-06-24,87.50080108642578,89.62234460688504,87.12655239933392,88.7013070407747,192623200,0.14909224999999998,0,0,-0.017652087671487293,-0.0
2020-06-25,88.66242980957031,88.70131346707345,86.89569672901172,87.65634205576191,137522400,,0,0,0.013275635293866328,0.0
2020-06-26,85.93819427490234,88.77906661891221,85.78994989080277,88.55792002381165,205256800,,0,0,-0.030725929128257556,-0.0
2020-06-29,87.91877746582031,88.01355774997114,85.36709642622178,85.84584068935075,130646000,0.14049225,0,0,0.023046600031906728,0.0
2020-06-30,88.65269470214844,88.9394607092836,87.48621480460635,87.50565292250278,140223200,0.13479058333333335,0,0,0.008347673358099605,0.0
2020-07-01,88.48502349853516,89.27482970528494,88.43642448943781,88.73047333907931,110737200,0.15969558333333334,0,0,-0.001891326644684832,-0.0
2020-07-02,88.48502349853516,90.03061734729651,88.37081248982172,89.39391322261687,114041600,0.16519258333333336,0,0,0.0,0.0
2020-07-06,90.85202026367188,91.32104187882804,89.88480872729063,89.91640216330728,118655600,,0,0,0.026750252998191337,0.0
2020-07-07,90.5701141357422,92.01120488127154,90.45832825923632,91.23112145924068,112424400,,0,0,-0.0031029153464229298,-0.0
2020-07-08,92.6794891357422,92.71108256542593,91.46197031782752,91.54946038589766,117092000,0.2055445833333333,0,0,0.023289967337775108,0.0
2020-07-09,93.07803344726562,93.62724735467384,92.02819721331936,93.57378326638128,125642800,,0,0,0.004300242861068115,0.0
2020-07-10,93.2408676147461,93.29919680465662,92.05980720131564,92.67220807313528,90257200,0.22082958333333336,0,0,0.0017494371276411957,0.0
2020-07-13,92.81072235107422,97.1631623533042,92.5968659763704,94.54829427109546,191649200,0.2530395833333333,0,0,-0.004613269638900741,-0.0
2020-07-14,94.34659576416016,94.53857406439258,91.25541584676948,92.19102638698897,170989200,0.21914958333333331,0,0,0.0165484480044904,0.0
2020-07-15,94.99546813964844,96.47544271657276,93.79496199521328,96.22513517564072,153198000,0.17906958333333334,0,0,0.00687753882620501,0.0
2020-07-16,93.8265380859375,94.68438876337166,93.2262851246984,93.86542173959128,110577600,0.18765958333333335,0,0,-0.012305113881775354,-0.0
2020-07-17,93.6369857788086,94.43408214536429,93.16309912532118,94.27855494560396,92186800,0.17475208333333334,0,0,-0.0020202419378970715,-0.0
2020-07-20,95.61028289794922,95.74880452196624,93.37938613595313,93.72447392303611,90318000,,0,0,0.021073906883354754,0.0
2020-07-21,94.29069519042967,96.47785049123864,94.0403877137668,96.40251573529238,103433200,0.1679570833333333,0,0,-0.013801734159996415,-0.0
2020-07-22,94.55558776855467,95.2384656972648,93.90430327124304,93.9917859277632,89001600,0.17606208333333334,0,0,0.002809318327646526,0.0
2020-07-23,90.2517547607422,94.3660353547066,89.44007797032316,94.2882680485315,197004400,0.15115458333333334,0,0,-0.04551643228475333,-0.0
2020-07-24,90.0281753540039,90.37326313898976,86.65509447529368,88.44613797665554,185438800,0.12777458333333333,0,0,-0.002477285979990196,-0.0
2020-07-27,92.161865234375,92.2542129817118,90.86901902055509,91.09259075129832,121214000,0.13270833333333334,0,0,0.02370024575063434,0.0
2020-07-28,90.64787292480467,91.90913313088772,90.64300783304508,91.73172785652534,103625600,0.14776,0,0,-0.016427535464046072,-0.0
2020-07-29,92.3854522705078,92.57014778095314,91.09503107606254,91.13148218567702,90329200,0.15742166666666665,0,0,0.01916845138930623,0.0
2020-07-30,93.50334930419922,93.60784497511447,91.14851080736771,91.55677813766476,158130000,0.15043214285714285,0,0,0.012100357861735356,0.0
2020-07-31,103.29206848144533,103.4427380109372,98.00886768351042,100.01133514701584,374336800,0.14225089285714285,0,0,0.10468843362391178,0.0
2020-08-03,105.89478302001952,108.519366758299,104.87897253825906,105.17787905542978,308151200,0.11634630952380953,0,0,0.025197622400617625,0.0
2020-08-04,106.60197448730467,107.6955523863337,105.36015217215363,106.08434642848964,173071600,0.09231797619047619,0,0,0.006678246530345655,0.0
2020-08-05,106.98835754394533,107.30914213352884,105.855896128936,106.32249256981191,121776800,0.10937297619047619,0,0,0.0036245393999401188,0.0
2020-08-06,110.7210922241211,111.21684951983973,106.73075289757836,107.3212830698956,202428800,,0,0,0.03488916706327183,0.0
2020-08-07,108.20377349853516,110.6991917635781,107.40523995090824,110.24149434670588,198045600,0.05785297619047619,0,0,-0.02273567461284065,-0.0
2020-08-10,109.77648162841795,110.79656040754556,107.12038216987284,109.65231698977226,212403600,0.050115476190476196,0,0,0.01453468838500438,0.0
2020-08-11,106.51175689697266,109.53790628694745,106.25125778841227,109.03882559792696,187902400,0.04228047619047619,0,0,-0.029739746464967354,-0.0
2020-08-12,110.05158996582033,110.30965211624508,107.41009717699764,107.6048585408266,165598000,0.03711547619047619,0,0,0.03323420035472413,0.0
2020-08-13,111.99925231933594,113.00472456165949,110.94508601296111,111.43443386689364,210082000,0.07049547619047619,0,0,0.01769772116986701,0.0
2020-08-14,111.8994140625,111.98949137768707,110.08566824114568,111.82394347790164,165565200,0.07597547619047619,0,0,-0.0008914189583273391,-0.0
2020-08-17,111.60729217529295,113.04855186350473,110.97918031572964,113.02420482994953,119561600,0.06532130952380952,0,0,-0.0026105756643540756,-0.0
2020-08-18,112.53728485107422,112.96333190026704,111.02299161332778,111.35896133229576,105633600,0.020255059523809522,0,0,0.008332723226727845,0.0
2020-08-19,112.67845916748048,114.0953713742569,112.58351542519954,112.94626159259325,145538000,0.031850059523809524,0,0,0.001254467055901376,0.0
2020-08-20,115.17876434326172,115.2931886914799,112.7028193742301,112.71986303729176,126907200,0.05615755952380952,0,0,0.02218973523648282,0.0
2020-08-21,121.11421966552734,121.59869363243206,116.1282493861733,116.14041918677736,338054800,0.07793922619047619,0,0,0.05153254904329829,0.0
2020-08-24,122.56275177001952,125.4136198889964,120.69301605778207,125.32840158232877,345937600,0.056775892857142865,0,0,0.011960049847924425,0.0
2020-08-25,121.55728912353516,121.90299909151932,119.83119107466612,121.4331319106022,211495600,0.04323172619047619,0,0,-0.008203655939212573,-0.0
2020-08-26,123.2103500366211,123.66804740538558,121.8080444692864,122.87681730695134,163022400,0.026256726190476188,0,0,0.013599027462729785,0.0
2020-08-27,121.7374496459961,124.14765680517117,120.59076927456684,123.81412407030224,155552400,-0.01315541666666667,0,0,-0.011954356027616297,-0.0
2020-08-28,121.54026794433594,123.13246125062976,121.31628565950032,122.71371757611423,187630000,,0,0,-0.001619729197823272,-0.0
2020-08-31,125.66194915771484,127.57064628140904,122.70153764471402,124.24017775703048,225702700,-0.014347916666666669,0,0,0.03391206291618998,0.0
2020-09-01,130.66737365722656,131.27115314665346,127.11293080171876,129.28454878420325,151948100,0.006952916666666665,1,1,0.039832459492010086,0.0
2020-09-02,127.96014404296876,134.36789154079634,123.6753352230698,133.9881017356659,200119000,-0.004882083333333335,1,0,-0.020718481886377704,-0.020718481886377704
2020-09-03,117.71559143066406,125.4672130496805,117.34554177443891,123.5877438699274,257599600,-0.00429708333333334,1,0,-0.0800604960937259,-0.0
2020-09-04,117.79348754882812,120.4617572800833,107.98710202760628,116.92678671535832,332607200,-0.015726250000000008,1,0,0.000661731527806575,0.0
2020-09-08,109.86656951904295,115.87504793239556,109.7302350684399,110.96698542167366,231366600,-0.023331250000000008,1,0,-0.06729504486824267,-0.0
2020-09-09,114.2487564086914,116.02111152579629,112.242686174405,114.19032948681344,176940500,,1,0,0.039886445065429044,0.0
2020-09-10,110.51901245117188,117.34550401835628,109.55493113746954,117.20916958731428,182274400,-0.044376250000000006,1,0,-0.03264581667897959,-0.0
2020-09-11,109.06803131103516,112.21347869736356,107.12038789476668,111.57075280375336,180860300,,0,0,-0.013128792123235589,-0.0
2020-09-14,112.3400650024414,112.89514304014192,109.84708398114356,111.71681974711694,140150100,-0.05397625000000002,0,0,0.02999993354675312,0.0
2020-09-15,112.51537322998048,115.71924788814476,110.63589683262788,115.23233698136607,184642000,-0.03762875,0,0,0.0015605138517167383,0.0
2020-09-16,109.19463348388672,112.96332644603498,109.10699308995494,112.21348694471548,154679000,-0.02183958333333334,0,0,-0.029513653563644104,-0.0
2020-09-17,107.45148468017578,109.26279366804528,105.86415795625577,106.847719970666,178011000,0.01902916666666666,0,0,-0.01596368565098183,-0.0
2020-09-18,104.04310607910156,107.97734660906691,103.31273980959568,107.50991635719828,287104900,-0.03740583333333334,0,0,-0.03172016292952207,-0.0
2020-09-21,107.1982879638672,107.30540893869026,100.40100964447096,101.80331518421332,195713800,,0,0,0.030325717903566085,0.0
2020-09-22,108.88301849365234,109.90553440635529,106.30239653909264,109.73024617645396,183055400,-0.015730833333333343,0,0,0.015716020859894764,0.0
2020-09-23,104.3157958984375,109.17516469365748,103.97495231814074,108.69799408278124,150718700,-0.02261125000000001,0,0,-0.04194614236820693,-0.0
2020-09-24,105.38699340820312,107.36385041762158,102.25128611202057,102.41683403022384,167743300,-0.022455416666666676,0,0,0.010268794869844555,0.0
2020-09-25,109.3406982421875,109.49651327893982,104.85137965372228,105.591486218956,149981400,-0.027955416666666677,0,0,0.03751606062685742,0.0
2020-09-28,111.9505615234375,112.30113799176212,109.82762954510332,111.9992555889103,137672400,-0.015862083333333343,0,0,0.02386909287399286,0.0
2020-09-29,111.10330963134766,112.29137324538236,110.59692563716496,111.55127413308996,99382200,0.024345416666666654,0,0,-0.0075680897046011,-0.0
2020-09-30,112.77828979492188,114.19033573143906,110.64562530338286,110.81117321087004,142675200,0.008632916666666653,0,0,0.015075879999722597,0.0
2020-10-01,113.7326431274414,114.63829765255328,112.79777513856308,114.56039012939586,116120400,,0,0,0.008462207879326389,0.0
2020-10-02,110.06131744384766,112.34980421996084,109.28226459701013,109.93472330652476,144712000,0.03223624999999998,0,0,-0.032280316210359206,-0.0
2020-10-05,113.45023345947266,113.5963082073717,110.57746227936272,110.92803870245233,106243800,,1,0,0.030791163456261428,0.0
2020-10-06,110.19767761230467,113.0801892267211,109.31149621483338,112.6711784272963,161498200,0.03683541666666665,1,1,-0.028669450454060774,-0.0
2020-10-07,112.06741333007812,112.52511075993657,111.14227817215748,111.61945619842344,96849000,,1,0,0.01696710636998655,0.01696710636998655
2020-10-08,111.96028137207033,113.3528466919774,111.59022437328176,113.20677195191192,83477200,0.05085374999999999,1,1,-0.0009559599425414955,-0.0
2020-10-09,113.90792846679688,113.93714192982654,111.91159095684212,112.26216737253829,100506900,0.08341124999999998,1,1,0.01739587531272857,0.01739587531272857
2020-10-12,121.14342498779295,121.90300475026318,116.1574550435818,116.91703480605202,240226800,0.07821541666666665,1,1,0.06352056980041709,0.06352056980041709
2020-10-13,117.92981719970705,122.1075135674145,116.5177785770734,121.99065227801567,262330500,0.06428291666666665,1,1,-0.0265272984349727,-0.0265272984349727
2020-10-14,118.0174560546875,119.80928444459768,116.48855625885348,117.8324275512861,150712000,0.07767291666666665,0,0,0.0007431441603276134,0.0007431441603276134
2020-10-15,117.55001831054688,118.02718887052616,115.05703709797092,115.61211517826072,112559200,0.08887291666666665,0,0,-0.003960750890309117,-0.0
2020-10-16,115.9042739868164,118.36804952245832,115.69977228869678,118.10511346082514,115393800,,0,0,-0.014000374881973143,-0.0
2020-10-19,112.94384765625,117.26761109070254,112.63222499944558,116.81965398590056,120639300,,0,0,-0.02554199451612238,-0.0
2020-10-20,114.4337921142578,115.8653112278617,112.60300253020056,113.15808061203984,124423700,0.13926291666666665,0,0,0.013191904551919542,0.0
2020-10-21,113.810546875,115.60237527015636,113.40153610682728,113.61577807356772,89946000,0.13742741666666664,0,0,-0.0054463391253827265,-0.0
2020-10-22,112.71988677978516,114.94993985904084,111.59024979095489,114.37538106515744,101988000,,0,0,-0.009583119712206711,-0.0
2020-10-23,112.0284652709961,113.498938328468,111.2883585929103,113.34312326795688,82572600,,0,0,-0.006133979801983491,-0.0
2020-10-26,112.0381851196289,113.49891761177705,109.92498646777234,111.02540970017918,111850700,0.11490741666666664,0,0,8.676231178661453e-05,0.0
2020-10-27,113.54761505126952,114.20981414129768,111.54154461515652,112.46667230975784,92276800,,0,0,0.013472459679964688,0.0
2020-10-28,108.28897094726562,112.4082400407623,108.19159026240904,112.03819046643926,143937800,0.16183741666666665,0,0,-0.04631223739599888,-0.0
2020-10-29,112.3011245727539,113.86897819384106,109.26279802021776,109.42835336524011,146129200,0.15687491666666664,0,0,0.037050436349996385,0.0
2020-10-30,106.0102310180664,109.05829026903427,104.90007487274671,108.15263578946612,190272600,0.1550561666666666,0,0,-0.056018081551907906,-0.0
2020-11-02,105.92259216308594,107.78259533653008,104.51055354833466,106.25369543303232,122866900,0.16379699999999997,1,1,-0.0008267018582908126,-0.0
2020-11-03,107.54885864257812,108.57136685299776,105.8836246173212,106.78927899207524,107624400,0.19820949999999998,1,1,0.015353348575422698,0.015353348575422698
2020-11-04,111.9407958984375,112.56404116119307,109.40886108978424,111.1520027380027,138235500,,1,0,0.04083667006132807,0.04083667006132807
2020-11-05,115.91398620605467,116.4885448251152,113.81053537089608,114.8622570736407,126387100,0.20455116666666662,1,1,0.03549367570355666,0.0
2020-11-06,115.7823257446289,116.27982636729172,113.28503575822148,115.42138735344204,114457900,,1,0,-0.0011358462057522445,-0.0011358462057522445
2020-11-09,113.47036743164062,119.00146077117734,113.20698522415756,117.54796519416684,154515300,0.18914866666666663,1,1,-0.019968145380734215,-0.0
2020-11-10,113.12893676757812,114.70924480626918,111.33400971509884,112.719227827361,138023400,0.20606116666666666,1,1,-0.003008985268935449,-0.003008985268935449
2020-11-11,116.56273651123048,116.69930620123856,113.5874597589226,114.31908628789026,112295000,0.1988928333333333,0,0,0.03035297459488251,0.03035297459488251
2020-11-12,116.2895736694336,117.57723580292728,115.66525308607233,116.68953299697138,103162300,0.19758616666666665,0,0,-0.002343483431950566,-0.0
2020-11-13,116.33834838867188,116.73830026220504,114.98240146299398,116.5139390128418,81581900,,0,0,0.0004194246973243665,0.0
2020-11-16,117.35289001464844,118.02598131332324,115.2555592898168,116.00669253232006,91183000,0.18614033333333332,0,0,0.008720612248912962,0.0
2020-11-17,116.46517181396484,117.71381306126015,116.04570569721824,116.6212556911212,74271000,0.15418283333333332,0,0,-0.007564519293668748,-0.0
2020-11-18,115.13848114013672,116.88463032919714,115.10921727569529,115.7042739942992,76322100,0.14593366666666668,0,0,-0.01139130826121404,-0.0
2020-11-19,115.7335433959961,116.14325240275552,113.94837315477304,114.70926343660877,74113000,0.15377916666666666,0,0,0.005168230898713322,0.0
2020-11-20,114.4653778076172,115.86034568136424,114.41660718303844,115.73353312647382,73604300,0.16518083333333333,0,0,-0.010957632084586888,-0.0
2020-11-23,111.06087493896484,114.7385207767759,110.96332625053886,114.30929761671617,127959300,0.10384333333333333,0,0,-0.029742643005768343,-0.0
2020-11-24,112.34854125976562,113.01188278583412,109.83174481299208,111.11941434226163,113874200,0.07953133333333333,0,0,0.011594238938856138,0.0
2020-11-25,113.18746948242188,113.88983194948229,112.3485373625984,112.71923279937354,76499200,0.05767883333333333,0,0,0.007467192838014114,0.0
2020-11-27,113.7337646484375,114.61171786005691,113.372833703236,113.71425788484106,46691300,,0,0,0.00482646328709091,0.0
2020-11-30,116.13349151611328,118.00645317380616,113.9483621396502,114.10444599903528,169410200,0.05971883333333333,0,0,0.021099511434388818,0.0
2020-12-01,119.71358489990234,120.44521126709456,117.06997585287974,118.04547767580269,127728200,0.05763383333333334,0,0,0.030827398169565257,0.0
2020-12-02,120.06477355957033,120.34766999877132,117.92842205395957,119.0307365025797,89004200,0.07415633333333334,0,0,0.0029335739963147756,0.0
2020-12-03,119.92819213867188,120.7476100677901,119.2160725590913,120.4939775191396,78967600,0.09750099999999999,0,0,-0.0011375644733189194,-0.0
2020-12-04,119.25508880615234,119.85014546839597,118.54296925474208,119.59651292977875,78260400,,0,0,-0.00561255298288188,-0.0
2020-12-07,120.71834564208984,121.51825680642276,119.25509296764028,119.3136206930221,86712000,,0,0,0.012269973974158965,0.0
2020-12-08,121.3329086303711,121.91821565194306,120.0745104419721,121.3231589711694,82225500,0.131661,0,0,0.0050908831214713235,0.0
2020-12-09,118.79662322998048,122.8644644708372,118.03573291931536,121.47925352360129,115089200,0.12312433333333332,0,0,-0.020903524270708407,-0.0
2020-12-10,120.22084045410156,120.83541135490304,117.20654344679436,117.54796759030177,81312200,0.08832183333333334,0,0,0.011988701239124655,0.0
2020-12-11,119.41118621826172,119.75261038065898,117.5967521638208,119.43069298076075,86939800,0.04809933333333333,0,0,-0.00673472446858292,-0.0
2020-12-14,118.79662322998048,120.32816095445716,118.56250485188868,119.5965345107424,79184500,0.06681683333333333,0,0,-0.0051466115340143,-0.0
2020-12-15,124.7471694946289,124.76668369873352,121.08903768627565,121.29389217444482,157243700,0.0719545,0,0,0.05009019703471407,0.0
2020-12-16,124.67887878417967,125.22515739352976,123.4595015722462,124.28868403035126,98208600,0.06294649999999999,0,0,-0.0005474329455801286,-0.0
2020-12-17,125.54711151123048,126.4055580828906,124.90327658248536,125.74220894524956,94359800,0.054604833333333325,0,0,0.0069637514831499825,0.0
2020-12-18,123.55706787109376,125.93729476626044,123.0302959790902,125.80072510268418,192541500,0.07240983333333334,0,0,-0.015850971130934366,-0.0
2020-12-21,125.08859252929688,125.16663446004496,120.42569508317622,121.95723262228891,121251600,0.03256108333333334,0,0,0.012395281666937485,0.0
2020-12-22,128.64918518066406,131.1172036020604,126.47380539818704,128.38579552066017,168904800,0.04808858333333333,0,0,0.028464567226889725,0.0
2020-12-23,127.75176239013672,129.1857367922119,127.57616427081308,128.92236194069775,88223700,0.06105275,0,0,-0.006975736296091384,-0.0
2020-12-24,128.7369842529297,130.19048741225336,127.88830238079584,128.1029139851249,54930100,0.03579275,0,0,0.007712002123182016,0.0
2020-12-28,133.3413848876953,133.97545530087663,130.2392804588712,130.70753218566256,124486200,0.009902250000000001,0,0,0.035765950721040385,0.0
2020-12-29,131.56593322753906,135.38989879452387,131.04891842415702,134.66803693280866,121047300,0.008237250000000002,0,0,-0.013315083397788308,-0.0
2020-12-30,130.444091796875,132.6584848793838,130.13192410023277,132.2585255999266,96452100,-0.005207749999999999,0,0,-0.008526838241050383,-0.0
2020-12-31,129.4393310546875,131.43911264182535,128.49309315567558,130.79527790714135,99116600,-0.054717749999999996,0,0,-0.007702615950993752,-0.0
2021-01-04,126.23968505859376,130.33678943220556,123.65460393221328,130.24899784708666,143301900,0.008013916666666673,0,0,-0.02471927172384647,-0.0
2021-01-05,127.80045318603516,128.51258003738505,125.28365739140298,125.73239465547316,97664900,0.05594391666666667,0,0,0.012363529952700514,0.0
2021-01-06,123.49852752685548,127.83951504225612,123.2839159380844,124.5910922321954,155088000,0.07653891666666666,0,0,-0.03366127076965442,-0.0
2021-01-07,127.71267700195312,128.4052897378647,124.72764426980214,125.21539510538167,109578200,0.09541641666666667,0,0,0.03412307465917963,0.0
2021-01-08,128.81504821777344,129.38084119094302,127.03962734834684,129.18572887365838,105158200,0.10794291666666667,0,0,0.008631650684163938,0.0
2021-01-11,125.82019805908205,126.9810473987332,125.35196143707088,126.0250599540097,100384500,0.06501458333333333,0,0,-0.02324922592606049,-0.0
2021-01-12,125.64462280273438,126.5128187263176,123.75214711009856,125.35196931372296,91951100,0.11246624999999999,0,0,-0.001395445715839827,-0.0
2021-01-13,127.68342590332033,128.22970451216872,125.34222761254838,125.6056023729016,88636800,0.1348475,0,0,0.01622674377228961,0.0
2021-01-14,125.75194549560548,127.7907407644143,125.60561128893497,127.59564337383038,90221800,0.1288725,0,0,-0.01512710356923952,-0.0
2021-01-15,124.02530670166016,127.0298542364412,123.88873703576,125.6251291671953,111598500,0.11132583333333332,0,0,-0.013730513568918634,-0.0
2021-01-19,124.69841766357422,125.55686415384314,123.83022151227176,124.64963958844918,90757300,0.10630708333333332,0,0,0.005427206590451927,0.0
2021-01-20,128.79551696777344,129.24425439918255,125.40077446290326,125.50808026921992,104319500,0.07794208333333333,0,0,0.03285606490415005,0.0
2021-01-21,133.5169219970703,136.24832991984417,130.31727739424184,130.52213931456455,120150900,,0,0,0.036658147274475805,0.0
2021-01-22,135.6630401611328,136.4239303613806,131.71225496139948,132.94138184988222,114459400,0.056252083333333334,0,0,0.016073754037781107,0.0
2021-01-25,139.418701171875,141.53553807458803,133.19499556294772,139.5650353578536,157611700,0.032002083333333334,0,0,0.027683745007346383,0.0
2021-01-26,139.65283203125,140.76490341435823,137.90667558906043,140.0820551764804,98390600,0.058484583333333326,0,0,0.0016793361106295368,0.0
2021-01-27,138.57977294921875,140.76490217618246,136.9702010537378,139.9162055519511,140843800,0.08577958333333333,0,0,-0.007683761699806668,-0.0
2021-01-28,133.7315216064453,138.51148876469895,133.35107654702082,136.1019984266858,142621100,0.06555258333333333,0,0,-0.0349852741103136,-0.0
2021-01-29,128.7272186279297,133.39011584373532,127.0200905501982,132.50240567092084,177523800,0.060427583333333326,0,0,-0.03742051924932588,-0.0
2021-02-01,130.85382080078125,132.06344848329783,127.72245323542478,130.47337566526852,106239800,0.018245083333333318,0,0,0.01652022156245181,0.0
2021-02-02,131.68299865722656,132.97065334502736,131.31230319506753,132.4048604919866,83305400,-0.008182416666666687,0,0,0.00633667287184303,0.0
2021-02-03,130.6587371826172,132.44390758674706,130.33681974400568,132.43414304059044,89880900,-0.013653250000000016,0,0,-0.007778236257176552,-0.0
2021-02-04,134.02418518066406,134.0339348395979,131.29277729666717,132.96089184283247,84183100,0.012146749999999986,0,0,0.02575754266890784,0.0
2021-02-05,133.60902404785156,134.2538211281705,132.72976614357978,134.18544169025904,75693800,,0,0,-0.003097658323778396,-0.0
2021-02-08,133.75552368164062,133.80437463624327,131.81136898331476,132.89579458373277,71297200,-0.0022215833333333462,0,0,0.0010964800830861599,0.0
2021-02-09,132.87623596191406,134.70316008517767,132.71993379523988,133.47218176230825,76774200,-0.002263250000000011,0,0,-0.006573842302164734,-0.0
2021-02-10,132.27053833007812,133.83367940103972,131.30334311535862,133.33542054472144,73046600,-0.00456325000000001,0,0,-0.004558359344326579,-0.0
2021-02-11,132.0165557861328,133.2475195180307,130.68789013114852,132.76880394646017,64280000,0.003956749999999985,0,0,-0.0019201747203259067,-0.0
2021-02-12,132.25103759765625,132.40735473658407,130.6097523605829,131.25454937824293,60145100,0.03325174999999998,0,0,0.001776154590059864,0.0
2021-02-16,130.12123107910156,132.87624896678753,129.73043835612685,132.3682407877475,80576300,0.06414799999999998,0,0,-0.016104270765981754,-0.0
2021-02-17,127.82538604736328,129.1735950188555,126.48695621215256,128.22594304718632,97918500,0.059236333333333314,0,0,-0.017643892643027792,-0.0
2021-02-18,126.72142028808594,127.00473197716651,124.47441051012312,126.22316141432486,96856700,0.09898133333333332,0,0,-0.008636514180902166,-0.0
2021-02-19,126.87775421142578,127.69841170665477,125.83241506158394,127.239239445151,87668800,0.05442883333333333,0,0,0.0012336819062195303,0.0
2021-02-22,123.09690856933594,126.73119944348444,122.70612324188583,125.06059198229508,103916400,0.015907833333333326,0,0,-0.029799121726173827,-0.0
2021-02-23,122.96012115478516,123.79053522480318,115.6622326225289,120.9085077307379,158273000,,0,0,-0.0011112173013974047,-0.0
2021-02-24,122.46187591552734,122.66703652293154,119.41376694425402,122.06132638305527,111039900,0.009450333333333321,0,0,-0.004052088063825288,-0.0
2021-02-25,118.2023468017578,123.54631731759832,117.76271793759544,121.80733032088756,148199500,,0,0,-0.03478249113795806,-0.0
2021-02-26,118.46611785888672,121.973399087529,118.4074952170664,119.76546840374732,164560400,0.011530333333333326,0,0,0.002231521321410801,0.0
2021-03-01,124.84564971923828,124.98242344672664,119.96085244148551,120.89873262438095,116307900,0.04949783333333334,0,0,0.05385110929312864,0.0
2021-03-02,122.23717498779295,125.75422768741775,122.12970884679918,125.45137262840404,102260900,0.06397616666666667,0,0,-0.020893597312452994,-0.0
2021-03-03,119.24769592285156,122.81360023861244,119.0327636010934,121.93433503760676,112966300,0.057156166666666675,0,0,-0.02445638215411905,-0.0
2021-03-04,117.36215209960938,120.7522030474246,115.88694849490928,118.944829308409,178155000,0.08780116666666668,0,0,-0.015811993755100007,-0.0
2021-03-05,118.62242889404295,119.13045204315196,114.8611360499832,118.1925717528084,153766600,0.13109783333333333,0,0,0.010738357910853091,0.0
2021-03-08,113.6790008544922,118.2120920526179,113.53245544800268,118.14370519007068,154376600,0.12934033333333333,0,0,-0.04167363698113424,-0.0
2021-03-09,118.30004119873048,119.24769325787987,116.0530384615,116.2875066919913,129525800,0.11921699999999999,0,0,0.04064990288006798,0.0
2021-03-10,117.21561431884766,119.35515074210788,116.6978194776284,118.88621431520568,111943300,0.11401950000000001,0,0,-0.009166749807475671,-0.0
2021-03-11,119.14999389648438,120.37119341672582,118.4661251465933,119.71663226274288,103026500,0.0863965,0,0,0.01650274657414541,0.0
2021-03-12,118.24140167236328,118.37817539980496,116.41449226141692,117.62591989887572,88105100,0.1002445,0,0,-0.007625617042922084,-0.0
2021-03-15,121.13322448730467,121.14299617078105,117.64547884730646,118.61267426397926,92403800,0.10249449999999997,0,0,0.02445693956634898,0.0
2021-03-16,122.67679595947266,124.28878051800578,121.84638193041286,122.80379800272826,115227900,0.09759449999999999,0,0,0.012742758881397975,0.0
2021-03-17,121.88548278808594,122.96013686622555,119.52123487184645,121.19184236079936,111932600,0.09689949999999999,0,0,-0.0064503899469964265,-0.0
2021-03-18,117.7529296875,120.34187390478134,117.54776908284732,120.04878306750058,121229700,0.07424616666666664,0,0,-0.03390521172870875,-0.0
2021-03-19,117.2253646850586,118.63218870661474,116.9225096345994,117.13744191051596,185549500,0.07263316666666667,0,0,-0.004480270714635193,-0.0
2021-03-22,120.54703521728516,121.01597906896608,117.4891545867303,117.55754145534942,111912300,,0,0,0.02833576624948586,0.0
2021-03-23,119.71662139892578,121.37744961429632,119.3258360971887,120.48842032011387,95467100,0.07104116666666666,0,0,-0.006888712085391102,-0.0
2021-03-24,117.32305908203124,120.06832025902024,117.30352317223472,119.99016171261567,88530500,0.06921449999999998,0,0,-0.019993567216690766,-0.0
2021-03-25,117.81153869628906,118.85689248276148,116.2581767195336,116.78573572681164,98844700,0.0705945,0,0,0.00416354310976752,0.0
2021-03-26,118.4172821044922,118.68106539252886,116.18004353934244,117.57709618208273,94071200,0.0596545,0,0,0.005141630564428068,0.0
2021-03-29,118.59312438964844,119.755708690392,117.94833493419104,118.84713597082144,80819200,0.05286824999999999,0,0,0.001484937688411625,0.0
2021-03-30,117.137451171875,117.6259309453577,116.1214123485978,117.34261178230456,85671900,0.01666525,0,0,-0.012274516126168478,-0.0
2021-03-31,119.3355941772461,120.6740238071046,118.35863476106496,118.84711446915551,118323800,0.00750275,0,0,0.018765501412061347,0.0
2021-04-01,120.16600036621094,121.31881270038885,119.66774900938948,120.81079711663968,75089100,-0.009291,0,0,0.0069585792461170914,0.0
2021-04-05,122.99919891357422,123.25321046309428,120.2344018212396,121.0159723796355,88651200,-0.034668500000000005,0,0,0.023577372457508794,0.0
2021-04-06,123.3020477294922,124.20084860867148,122.75495283844548,123.58536685624392,80171300,-0.0410085,0,0,0.0024622015313349177,0.0
2021-04-07,124.95311737060548,124.97265328036532,122.25670715358332,122.93081157124116,83466700,-0.05818516666666666,0,0,0.013390447859677801,0.0
2021-04-08,127.35643768310548,127.38574527476092,125.558835827885,125.9789212464254,88844600,-0.05723516666666667,0,0,0.019233776340064068,0.0
2021-04-09,129.93560791015625,129.97467972929903,126.48694221609573,126.8093406260924,106686700,-0.05659116666666666,0,0,0.020251588957508337,0.0
2021-04-12,128.21615600585938,129.7890612236751,127.62021018029644,129.4666628353656,91420000,-0.07923916666666667,1,0,-0.013233107782785636,-0.0
2021-04-13,131.33265686035156,131.5573682758643,128.89025813953373,129.38851701920058,91266500,-0.10168416666666666,1,0,0.02430661588661076,0.0
2021-04-14,128.9879608154297,131.88953170552884,128.62649057291716,131.83091652103695,87222800,-0.08796916666666667,1,0,-0.01785310752842706,-0.0
2021-04-15,131.40106201171875,131.88954179614893,130.56087618621004,130.7367366603593,89347100,-0.09803416666666667,1,0,0.0187079567816566,0.0
2021-04-16,131.06887817382812,131.5671221069019,130.20914912173134,131.20565189509645,84922400,-0.08178583333333334,1,0,-0.0025280148638449074,-0.0
2021-04-19,131.73318481445312,132.34867392684956,130.267745904721,130.43382719229146,94264200,-0.04284033333333333,1,0,0.005068378167881971,0.0
2021-04-20,130.0430908203125,132.40733122468578,128.77304037969012,131.90908720345354,94812300,-0.02248033333333333,1,0,-0.012829675351135994,-0.0
2021-04-21,130.42408752441406,130.668327388692,128.27477970021195,129.31035433959545,68847100,-0.022454777777777775,0,0,0.002929772752233273,0.0
2021-04-22,128.90005493164062,131.0591273485487,128.38226752447872,129.97470157167325,84566500,-0.005720111111111109,0,0,-0.011685208014111326,-0.0
2021-04-23,131.2252197265625,132.0067754754205,129.11498342731704,129.11498342731704,78657500,0.0019140555555555497,0,0,0.018038508952963328,0.0
2021-04-26,131.6160125732422,131.94817529501475,130.48273573837136,131.72347873701827,66905100,-0.0016573730158730253,0,0,0.0029780315665997037,0.0
2021-04-27,131.29356384277344,132.29006653400396,131.0200164227833,131.8992738574349,66015800,0.014086376984126976,0,0,-0.002449920219922408,-0.0
2021-04-28,130.50225830078125,131.9090824360274,130.0137785264441,131.215434597292,107760100,0.04254187698412697,0,0,-0.006026994155934329,-0.0
2021-04-29,130.40451049804688,133.91180537317504,129.39824370956148,133.3256238873402,151101000,0.05549854365079364,0,0,-0.0007490123466605825,-0.0
2021-04-30,128.43112182617188,130.4827281416953,128.05010815991602,128.74374116163304,109839500,0.05177029365079364,0,0,-0.015132825270676165,-0.0
2021-05-03,129.4862518310547,130.98101411471455,128.79261868629004,128.99777190654044,75135100,0.06656829365079364,0,0,0.00821553210685888,0.0
2021-05-04,124.90428161621094,128.4604213676209,123.7807766012576,128.16733051029044,137564700,0.06662829365079365,0,0,-0.03538576605663135,-0.0
2021-05-05,125.14851379394533,127.44435959905208,125.02150429281544,126.22316026424473,84000900,0.053684793650793636,0,0,0.001955354729030301,0.0
2021-05-06,126.750732421875,126.76049665039368,124.20086004629246,124.943351362238,78128300,0.051497293650793655,0,0,0.01280253819528121,0.0
2021-05-07,127.42597198486328,128.45350987129697,126.71156944514983,128.05228747592136,78973300,0.047917293650793655,0,0,0.005327303046587684,0.0
2021-05-10,124.13780975341795,126.77028959754912,124.0986641002731,126.64307929080064,88071200,0.04525896031746032,0,0,-0.025804490091203114,-0.0
2021-05-11,123.2179183959961,123.57021435708376,120.14504795375876,120.859443088754,126142800,0.04245229365079365,0,0,-0.00741024317449368,-0.0
2021-05-12,120.14503479003906,121.9750547557377,119.6361562653165,120.76156945349976,112172300,0.04055979365079365,0,0,-0.024938609951853263,-0.0
2021-05-13,122.29801940917967,123.45279014468096,121.60320080499332,121.91635859091213,105861300,0.06640479365079366,0,0,0.01791988010909562,0.0
2021-05-14,124.72498321533205,125.15557794607484,123.15919437572654,123.55064345219544,81918000,0.0262342380952381,0,0,0.019844669749166988,0.0
2021-05-17,123.57019805908205,124.2160900794732,122.49371882469936,124.108441409408,74244600,0.010026238095238102,0,0,-0.00925865152658567,-0.0
2021-05-18,122.18058013916016,124.2748241929868,122.11207710810116,123.85401772611864,63342900,0.021949571428571436,0,0,-0.011245574918132606,-0.0
2021-05-19,122.02400970458984,122.2490879012354,120.233135080965,120.5267237775913,92612000,0.02430850000000001,0,0,-0.0012814674344481247,-0.0
2021-05-20,124.58797454833984,124.98921189653866,122.42522759234048,122.55245283263278,76857100,0.02208350000000001,0,0,0.02101197010290967,0.0
2021-05-21,122.74817657470705,125.26322700578169,122.53287920868762,125.087075294154,79295400,-0.007856499999999985,0,0,-0.014767059022369411,-0.0
2021-05-24,124.38245391845705,125.20449763211954,123.24725993878027,123.31576295939638,63092900,-0.02862033333333332,0,0,0.013314066158492732,0.0
2021-05-25,124.18675231933594,125.57639697063634,123.619151508683,125.0870800054452,72009500,,0,0,-0.0015733858993439709,-0.0
2021-05-26,124.13780975341795,124.66626487146893,123.71700331494796,124.2454584329989,56575900,0.007384666666666678,0,0,-0.00039410456432686924,-0.0
2021-05-27,122.60137176513672,124.91091291308472,122.40565097616602,123.73657324672143,94625600,-0.006082333333333312,0,0,-0.01237687366430218,-0.0
2021-05-28,121.94573211669922,123.1102912871282,121.88701735727308,122.88520559887536,71311100,-0.008396499999999982,0,0,-0.005347735013059074,-0.0
2021-06-01,121.6227569580078,122.66987889321037,121.29003011236856,122.40565507263037,67637100,0.0406855,0,0,-0.0026485154755752083,-0.0
2021-06-02,122.3860855102539,122.56223722280126,121.39768573021556,121.6227639113054,59278900,0.06367216666666667,0,0,0.0062761983968975255,0.0
2021-06-03,120.8985824584961,122.18057085645934,120.49734511687012,122.01420743170851,76229200,0.03275716666666667,0,0,-0.01215418440385685,-0.0
2021-06-04,123.19834899902344,123.46258031804118,121.20196528333544,121.4172626643808,75169300,0.05413716666666666,0,0,0.019022278787403035,0.0
2021-06-07,123.2081298828125,123.61914805852967,122.16100788299764,123.47235371969634,71057600,0.04346133333333334,0,0,7.939135441770162e-05,0.0
2021-06-08,124.03014373779295,125.71337672267272,123.51147697209124,123.89313770407058,74403800,0.033266333333333335,0,0,0.006671750117157815,0.0
2021-06-09,124.4118423461914,125.0185888704457,123.81488410340266,124.49013366537348,56877900,0.08840758333333334,0,0,0.003077466468194956,0.0
2021-06-10,123.41364288330078,125.4491721984384,123.24727944494148,124.30418229225444,71186400,0.09029383333333332,0,0,-0.008023347649759982,-0.0
2021-06-11,124.62713623046876,124.71521582863544,123.40386240122136,123.82466889713332,53522400,0.08867133333333332,0,0,0.009832732579780235,0.0
2021-06-14,127.69020080566406,127.7489155554766,124.3531139538749,125.0870781916131,96906500,0.11763299999999999,0,0,0.02457783006046843,0.0
2021-06-15,126.86817169189452,127.80765254019512,126.6235169320033,127.1617603902723,62746300,0.095973,0,0,-0.00643768361693331,-0.0
2021-06-16,127.36724853515624,128.0914319234411,125.71339507680857,127.58254589565875,91815000,0.10330133333333333,0,0,0.003933822302363943,0.0
2021-06-17,128.9722137451172,129.71597387057489,126.87796932022428,127.02477115513784,96721700,0.10947599999999999,0,0,0.012601082526470186,0.0
2021-06-18,127.67064666748048,128.6981847145641,127.45534928384316,127.9153014277464,108953300,0.10947599999999999,0,0,-0.010091841024059245,-0.0
2021-06-21,129.47129821777344,129.57894690634825,126.44736905581904,127.51406019462506,79663300,0.13720666666666664,0,0,0.014103880549636294,0.0
2021-06-22,131.11537170410156,131.21323957880873,128.80583022689916,129.30493548234813,74783600,0.13033666666666668,0,0,0.012698362563436705,0.0
2021-06-23,130.84136962890625,131.44812362014463,130.38141746101007,130.90988013297442,60214200,0.14693466666666666,0,0,-0.0020897784266948882,-0.0
2021-06-24,130.55755615234375,131.76125326543314,130.08780831049526,131.57531327793558,68711000,0.1556105,0,0,-0.0021691417429170468,-0.0
2021-06-25,130.26393127441406,131.0272526395599,129.97034268800357,130.60645378064893,70783700,0.1558155,0,0,-0.002249007155028737,-0.0
2021-06-28,131.89825439453125,132.35820647299622,130.4988365325281,130.5575512774318,62111300,0.155143,0,0,0.01254624441415264,0.0
2021-06-29,133.4151153564453,133.57169796299607,131.47745413113225,131.9178296460844,64556100,0.16051800000000002,0,0,0.011500235305441198,0.0
2021-06-30,134.03167724609375,134.47205285044467,132.96497108839114,133.2585598021392,63261400,0.15966550000000002,0,0,0.004621379579076601,0.0
2021-07-01,134.33502197265625,134.39373671805686,132.85729786155665,133.67934909478365,52485800,0.1348605,0,0,0.002263231594166637,0.0
2021-07-02,136.96755981445312,137.00669801499475,134.80480465403946,134.9515915717518,78852600,0.1435759166666667,0,0,0.019596809552260508,0.0
2021-07-06,138.98348999023438,140.0893194288692,137.07518571489393,137.07518571489393,108181800,0.1570071666666667,0,0,0.014718303943738187,0.0
2021-07-07,141.4789581298828,141.7921084496811,139.60979222790235,140.47096680675352,104911600,0.15504916666666665,0,0,0.017955140857549123,0.0
2021-07-08,140.17738342285156,140.97984319492215,137.66232556002743,138.55287238610808,105575500,0.15688166666666667,0,0,-0.009199775883537042,-0.0
2021-07-09,142.00738525390625,142.53583287499265,139.59997625608412,139.69784411639665,99890800,0.15527666666666667,0,0,0.013054900771934053,0.0
2021-07-12,141.41046142578125,143.1915553739894,140.92115187067475,143.08390667456425,76299700,0.16007416666666668,0,0,-0.004203470312883484,-0.0
2021-07-13,142.5260772705078,144.30717110195238,140.55905836364727,140.95050000905363,100827100,0.18377833333333335,0,0,0.007889203058092598,0.0
2021-07-14,145.96102905273438,146.3720622048418,144.5224578179845,144.93349097009192,127050800,0.20757642857142855,0,0,0.024100514432226827,0.0
2021-07-15,145.3053436279297,146.79284867562072,143.9450638275039,146.0491036180456,106820300,0.21182933766233764,0,0,-0.004492195136331811,-0.0
2021-07-16,143.26002502441406,146.55796605066817,142.76093474422927,145.28577338362382,93251400,0.19425808766233768,0,0,-0.014076004037077205,-0.0
2021-07-19,139.40426635742188,140.98963920959875,138.64094477148268,140.67647397816722,121434600,0.192606420995671,0,0,-0.026914407325665968,-0.0
2021-07-20,143.02516174316406,143.95486174482718,139.90337965759247,140.3926891605558,96350000,0.176465170995671,0,0,0.025974064355092974,0.0
2021-07-21,142.29119873046875,143.00560136245917,141.53767284075886,142.4184239807626,74993500,0.17532017099567102,0,0,-0.005131705524747621,-0.0
2021-07-22,143.66128540039062,145.03134615339167,142.69244712556272,142.8196723856779,77338200,0.167530170995671,0,0,0.009628752039099187,0.0
2021-07-23,145.38365173339844,145.5402343738835,143.77871699978286,144.3952518138537,71447400,0.20849183766233764,0,0,0.01198907783824632,0.0
2021-07-26,145.804443359375,146.6264796970787,144.54201654625697,145.09983651776034,72434100,0.21176746266233767,0,0,0.002894353119896831,0.0
2021-07-27,143.6319122314453,146.01974493776575,142.43799587828508,145.93165788061674,104818600,0.23424996266233764,0,0,-0.014900308096749026,-0.0
2021-07-28,141.88018798828125,143.8276453050716,139.49235507835914,141.7138245389889,118931200,0.2546413912337662,0,0,-0.012195926489799613,-0.0
2021-07-29,142.5260772705078,143.41662418623008,141.48874347089355,141.59639216326153,56699500,0.23947847456709956,0,0,0.004552357107673988,0.0
2021-07-30,142.74136352539062,143.2013156357775,141.02878032832388,141.29301163126834,70440600,0.20933797456709952,0,0,0.0015105043161625087,0.0
2021-08-02,142.40866088867188,143.80807908589327,142.14442954077148,143.23069737931422,62880000,0.21516847456709956,0,0,-0.0023308074723523697,-0.0
2021-08-03,144.2093048095703,144.87475860058453,142.07590750079174,142.6924422849986,64786600,0.20673972456709958,0,0,0.01264420232352359,0.0
2021-08-04,143.80804443359375,144.63008072615645,143.1523715622017,144.12120964935443,56368300,0.21986639123376622,0,0,-0.00278248602963882,-0.0
2021-08-05,143.9156951904297,144.67901674920688,143.044724953746,143.83740388535773,46397700,0.2131805579004329,0,0,0.0007485725660196785,0.0
2021-08-06,143.22962951660156,144.18031321751994,142.72979152170154,143.43545395856697,54126800,0.19929079599567096,0,0,-0.004767135877155826,-0.0
2021-08-09,143.18064880371094,143.7785013969767,142.6220079947097,143.2884587780675,48908700,0.16939588690476187,0,0,-0.00034197332671970226,-0.0
2021-08-10,142.70040893554688,144.76838927434818,142.40638038902802,143.52367690186915,69023100,0.1644446369047619,0,0,-0.003354083615184855,-0.0
2021-08-11,142.9552459716797,143.7981199486038,142.63181602013628,143.14146457604545,48493500,0.16249713690476192,0,0,0.001785818541332418,0.0
2021-08-12,145.92489624023438,146.0817134736757,142.9356331555097,143.27866898429832,72282600,0.1482871369047619,0,0,0.020773286411210012,0.0
2021-08-13,146.13070678710938,146.4639321601955,145.31723429051934,146.0032909277299,59375000,0.1600403869047619,0,0,0.0014103867960693073,0.0
2021-08-16,148.1104736328125,148.17908677655805,143.55308334263998,145.58185197110114,103296000,0.14352288690476192,0,0,0.013547918088067101,0.0
2021-08-17,147.19903564453125,148.65935338908508,146.12093567110747,147.23823248223889,92229700,0.11388844246031746,0,0,-0.006153771343280101,-0.0
2021-08-18,143.44525146484375,147.7184229688791,143.239427019952,146.81674649893367,86326000,0.10322844246031745,0,0,-0.025501418288856548,-0.0
2021-08-19,143.7784881591797,145.05260184201776,141.62230382548356,142.1417477573086,86960300,0.09164469246031746,0,0,0.0023230932424249673,0.0
2021-08-20,145.2388458251953,145.5426698813194,143.85692193613244,144.50378183589572,60549600,0.05275885912698412,0,0,0.010156996952136899,0.0
2021-08-23,146.72854614257812,147.19898280077066,144.94478409144247,145.3564180367249,60131800,0.08126243055555556,0,0,0.010256899997510116,0.0
2021-08-24,146.64036560058594,147.85567682100066,146.1797242886901,146.4737528853132,48606400,0.0709271420940171,0,0,-0.0006009774124422496,-0.0
2021-08-25,145.40545654296875,147.326430322186,144.85661116459667,146.82657724516395,58991300,0.10801180876068377,0,0,-0.008421344645176299,-0.0
2021-08-26,144.60177612304688,146.1503126653055,144.57237476094,145.3956577646763,48597200,0.09499109447496948,0,0,-0.005527168230336499,-0.0
2021-08-27,145.64068603515625,145.78769285270545,143.90593081349903,144.54298029609936,55802400,0.08859526114163616,0,0,0.00718462760253602,0.0
2021-08-30,150.07066345214844,150.43330519965164,145.65048392374376,146.0327166106354,90956700,0.0951460944749695,0,0,0.030417169388524012,0.0
2021-08-31,148.8063201904297,149.75700391889114,148.27706586999156,149.61979260524265,86453100,0.08573442780830283,0,0,-0.008424986154085379,-0.0
2021-09-01,149.4727783203125,151.89358979635324,149.30616564221367,149.7864127413778,80313700,0.09464401114163615,0,0,0.004478695051594261,0.0
2021-09-02,150.590087890625,151.6387862531272,149.3649813670927,150.80570783515978,71115500,0.10744384447496949,0,0,0.007475003695443183,0.0
2021-09-03,151.22718811035156,151.55061810383594,150.04127813424222,150.69793359195273,57808700,0.12793134447496948,0,0,0.00423069159896694,0.0
2021-09-07,153.5695343017578,154.1281750234367,151.31533561615151,151.88378675982,82278300,0.12410029685592186,1,1,0.01548892246609146,0.0
2021-09-08,152.02099609375,153.91255310407425,150.91349517698131,153.8537503925487,74420200,0.14035379685592186,1,1,-0.010083628989621118,-0.010083628989621118
2021-09-09,151.00173950195312,153.00110680340413,150.8841191042815,152.39345874260397,57305700,0.11517629685592187,1,1,-0.006704709336125547,-0.006704709336125547
2021-09-10,146.00331115722656,152.38366119968404,145.7386839337395,151.91322443397442,140893200,0.1190107413003663,1,1,-0.033101793139687086,-0.033101793139687086
2021-09-13,146.57174682617188,148.4045013917985,145.78767566355324,147.63024065247,102404300,0.08590565201465203,1,1,0.003893306695854193,0.003893306695854193
2021-09-14,145.17022705078125,148.06149059395435,143.98433223540383,147.35582799517005,109296300,0.11487948534798535,1,1,-0.009562004995770201,-0.009562004995770201
2021-09-15,146.0620880126953,146.46392651146115,143.45505793692854,145.60144679799546,83281300,0.08611805677655679,0,0,0.0061435528484921065,0.0061435528484921065
2021-09-16,145.82684326171875,146.00326634152876,144.2881175598681,145.48382247833294,68034100,0.10060876190476191,0,0,-0.0016105805016022323,-0.0
2021-09-17,143.1512451171875,145.85628990076225,142.85721655963627,145.85628990076225,129868800,0.07776376190476192,0,0,-0.018347775242787745,-0.0
2021-09-20,140.09336853027344,141.95552426414204,138.4566281851567,140.93624232616293,123478900,0.023465865079365083,0,0,-0.021361159551290032,-0.0
2021-09-21,140.57362365722656,141.7203365880152,139.93657421115685,141.06366629417695,75834000,0.024251615079365085,0,0,0.0034281074971036496,0.0
2021-09-22,142.94544982910156,143.5138861540785,140.83825741925605,141.5733214088711,76404300,0.01833494841269842,0,0,0.01687248368625993,0.0
2021-09-23,143.90589904785156,144.15092032629136,142.7395953696922,143.72947595082067,64838200,0.010783698412698425,0,0,0.006718991194880841,0.0
2021-09-24,143.99412536621094,144.53317525304487,142.66120880736443,142.75922331584852,53477900,-0.0018441349206349046,0,0,0.0006130834034123733,0.0
2021-09-27,142.47499084472656,143.05325251947903,140.9558706409002,142.57300535364445,74150700,0.009061460317460334,0,0,-0.010549975685611224,-0.0
2021-09-28,139.08389282226562,141.86733117108918,138.8682728841963,140.39720338693283,108972300,-0.014869253968253957,0,0,-0.02380135631071323,-0.0
2021-09-29,139.98558044433594,141.57331379089658,139.20150923995394,139.63274915010976,74602000,-0.005243539682539669,0,0,0.00648304849521697,0.0
2021-09-30,138.68203735351562,141.50468713963937,138.46641744180278,140.79902469310844,89056700,-0.03805453968253967,0,0,-0.009311981181794993,-0.0
2021-10-01,139.80914306640625,140.0737702488261,136.3396481559879,139.07407919128335,94639600,-0.020344539682539676,0,0,0.008127265321445476,0.0
2021-10-04,136.36904907226562,139.3779177030337,135.51637976546095,138.93686741546034,98322000,-0.006099539682539683,0,0,-0.024605643942089417,-0.0
2021-10-05,138.29981994628906,139.40732098204438,136.5846708862709,136.71208674487298,80861100,0.023842460317460318,0,0,0.014158424416381044,0.0
2021-10-06,139.17210388183594,139.31911068566103,135.61438968012922,136.6924894245597,83221100,0.04298674603174603,0,0,0.0063071950193835935,0.0
2021-10-07,140.43643188476562,141.3479190930508,139.87779097735958,140.21101642773627,61732700,0.02805457936507937,0,0,0.009084636702791915,0.0
2021-10-08,140.05419921875,141.30870734815736,139.72097376826417,141.1617005185067,58773200,0.03423000793650795,0,0,-0.0027217486295099125,-0.0
2021-10-11,139.96597290039062,141.92614341076353,138.98588764520417,139.43673344275217,64452200,0.0338029246031746,1,1,-0.0006299441134326456,-0.0
2021-10-12,138.6918487548828,140.3972023557475,138.2312075228374,140.37759646472705,73035900,0.06990292460317461,1,1,-0.009103099268381265,-0.009103099268381265
2021-10-13,138.10382080078125,138.58405301825053,136.42786838688212,138.4272507387237,78762700,0.08674431349206349,1,1,-0.004239816250058204,-0.004239816250058204
2021-10-14,140.8970489501953,141.0146693485301,138.69185715657107,139.27991428350313,69907100,0.09991959126984126,1,1,0.020225567498551422,0.020225567498551422
2021-10-15,141.95555114746094,142.01435387262677,140.65203590493044,140.90686765386886,67940300,0.08697259126984128,1,1,0.007512593096536735,0.007512593096536735
2021-10-18,143.6314697265625,143.91568781616144,140.30898194377212,140.5932000333711,85589200,0.1428900079365079,1,1,0.011805939010871347,0.011805939010871347
2021-10-19,145.79747009277344,146.19930861705205,143.6314901588186,144.08232097954442,76378900,0.13136334126984126,0,0,0.01508026319256106,0.01508026319256106
2021-10-20,146.28750610351562,146.76775321734434,145.1702096154499,145.73866080480445,58418800,0.16141691269841268,0,0,0.0033610734838565026,0.0
2021-10-21,146.5031280517578,146.65994526923677,144.92519031879408,145.84647277784177,61421000,0.17680596031746032,0,0,0.0014739601076363407,0.0
2021-10-22,145.72885131835938,147.1891685001861,145.67984407392174,146.70893638746674,58883400,0.16413207142857142,0,0,-0.005285052569832471,-0.0
2021-10-25,145.67984008789062,146.39529798138776,144.68014915737908,145.71903690942145,50720600,0.16543457142857143,0,0,-0.00033631796329525177,-0.0
2021-10-26,146.34634399414062,147.8360628807674,146.04250498938632,146.3561394633592,60893400,0.15349290476190475,0,0,0.004575127937042511,0.0
2021-10-27,145.8856964111328,146.74816126750608,145.53286512059833,146.38553450817577,56094900,0.14795840476190475,0,0,-0.0031476535076698786,-0.0
2021-10-28,149.5315704345703,150.11961244119928,146.73832229962608,146.8363367781858,100077900,0.14489133333333334,0,0,0.024991305612050985,0.0
2021-10-29,146.8167724609375,146.953983796825,143.49428408381266,144.2881507382271,124953200,0.16005425,0,0,-0.01815534984179623,-0.0
2021-11-01,145.99346923828125,146.7187225723951,144.8565670408628,146.02287059210153,74588300,0.19759292857142857,0,0,-0.005607691879177534,-0.0
2021-11-02,147.03240966796875,148.5515449646106,145.68968255749544,145.69949298222642,69122000,0.18666042857142856,0,0,0.007116348663458449,0.0
2021-11-03,148.4730987548828,148.94353542048876,146.83635841514152,147.3949991515026,54511500,0.1759715396825397,0,0,0.009798445731573402,0.0
2021-11-04,147.95364379882812,149.39435504502293,147.64000940856064,148.5612917363328,60394600,,0,0,-0.0034986469630586825,-0.0
2021-11-05,148.48365783691406,149.38665026440313,147.28620777558916,149.0823828675765,65463900,0.1752790396825397,0,0,0.0035822979716984005,0.0
2021-11-08,147.65921020507812,148.76832763273148,147.38438703345884,148.61128154130913,55020900,0.1533665396825397,0,0,-0.005552446941612055,-0.0
2021-11-09,148.02235412597656,148.6308889597302,147.2862174812468,147.42362905586018,56787900,0.1612587896825397,0,0,0.0024593380961071,0.0
2021-11-10,145.185791015625,147.35494715999016,145.11709270904024,147.24697984100837,65187100,0.16359078968253968,0,0,-0.019163072544687854,-0.0
2021-11-11,145.13670349121094,146.6678653941325,144.95021313541474,146.20656685181973,41000000,0.1483032896825397,0,0,-0.0003381014358958545,-0.0
2021-11-12,147.217529296875,147.61993930798695,144.75391557147125,145.68635239017755,63804000,0.12941120634920636,0,0,0.01433700611637545,0.0
2021-11-15,147.2273406982422,149.07259482755015,146.66786961475387,147.59049667940786,59222800,0.11573592857142859,0,0,6.664560541147502e-05,0.0
2021-11-16,148.20884704589844,148.689795053766,146.57952764951963,147.16844296622529,59256200,0.13951092857142858,0,0,0.006666603791125603,0.0
2021-11-17,150.65281677246094,152.13489975913402,148.19902806666846,148.20883782986604,88807000,0.14206842857142857,0,0,0.016490039395594458,0.0
2021-11-18,154.95187377929688,155.7370893093728,150.22097604546676,150.86877998103495,137827700,0.13948359523809523,0,0,0.02853618736733643,0.0
2021-11-19,157.58230590820312,158.0436193602757,153.6366096704335,154.73590216384713,117305600,0.14074609523809523,0,0,0.01697580070992144,0.0
2021-11-22,158.04367065429688,162.63715718696486,158.02403614576,158.69145966859546,117467900,0.10537984523809522,0,0,0.002927769989369944,0.0
2021-11-23,158.42640686035156,158.8091972734481,156.11983964250277,158.14175900279403,96041900,0.12197174999999998,0,0,0.0024217116982296893,0.0
2021-11-24,158.94664001464844,159.1429401409732,156.68915112006468,157.77863404441763,69463600,0.12736424999999998,0,0,0.0032837527821700796,0.0
2021-11-26,153.91146850585938,157.48418491516793,153.46978945346842,156.62046131710616,76959800,,0,0,-0.0316783765188432,-0.0
2021-11-29,157.27804565429688,158.2104823634522,155.85483622919187,156.42411700388635,88748200,0.13499841666666665,0,0,0.02187346518826394,0.0
2021-11-30,162.24452209472656,162.46045671211468,156.96396368598957,157.03267696276697,174048100,0.17913174999999998,0,0,0.03157768409296091,0.0
2021-12-01,161.7242889404297,167.15206764549285,161.48871986403657,164.38418716063262,152052500,0.1765050833333333,0,0,-0.003206475926460728,-0.0
2021-12-02,160.73301696777344,161.1648863024873,154.88319137049135,155.80581858979062,136739200,0.17057008333333332,0,0,-0.006129394534060251,-0.0
2021-12-03,158.84848022460938,161.9108190637314,156.76767195675856,160.98819200859322,118023100,0.16542058333333334,0,0,-0.011724639894875488,-0.0
2021-12-06,162.26414489746094,164.77682210760736,161.243360420378,161.25317018346507,107497000,0.1783755833333333,0,0,0.02150265881059643,0.0
2021-12-07,168.0158233642578,168.4084385672728,165.22832281817514,165.95464971119893,120405400,0.20367433333333335,0,0,0.03544639187191678,0.0
2021-12-08,171.84373474121094,172.70747316976616,167.54469207856835,168.94826702497062,116998900,0.20886883333333334,0,0,0.02278304090832095,0.0
2021-12-09,171.33334350585938,173.48286484992437,170.70517418411447,171.67687992199998,108923700,0.24299133333333334,0,0,-0.0029700892855953898,-0.0
2021-12-10,176.1329803466797,176.309660951534,171.460971245645,171.971363576986,115402700,0.2252955,0,0,0.028013442932993238,0.0
2021-12-13,172.49154663085938,178.76343034110303,172.28542177740803,177.77209005921313,153237000,0.18223083333333334,0,0,-0.02067434337767371,-0.0
2021-12-14,171.1076202392578,174.45459210584534,169.02681191245964,172.01061281459928,139380400,0.16865270833333335,0,0,-0.008023154865456905,-0.0
2021-12-15,175.98574829101562,176.18204841367742,169.12494892495155,171.87319557243478,131063300,0.14350270833333334,0,0,0.028509122182500013,0.0
2021-12-16,169.0758819580078,177.7917457988914,167.59379870515536,175.96612607483445,150185800,0.14306229166666667,0,0,-0.039263783574005284,-0.0
2021-12-17,167.97657775878906,170.26351088458148,166.55338314622006,166.7889373031069,195432700,0.12966145833333337,0,0,-0.006501839212595506,-0.0
2021-12-20,166.61227416992188,167.42693392036205,164.3646100212536,165.1694450305174,107499100,0.10682145833333334,0,0,-0.008121987047660317,-0.0
2021-12-21,169.7924041748047,169.99851408220792,165.9939282799388,168.38882895375335,91185900,0.10120270833333334,0,0,0.01908700916980166,0.0
2021-12-22,172.39341735839844,172.6093520110506,168.96792216563543,169.84147054164066,92135300,0.08933270833333333,0,0,0.015318784113074635,0.0
2021-12-23,173.0215606689453,173.5810317235857,172.03023535098566,172.59951616954052,68356600,0.11871854166666666,0,0,0.0036436618066510995,0.0
2021-12-27,176.9967041015625,177.08503690822866,173.7969687428298,173.8165882709296,74919600,0.12059820833333335,0,0,0.02297484439077002,0.0
2021-12-28,175.97592163085938,177.97822179969552,175.2299751821839,176.8298503690715,79144300,0.09880487499999999,0,0,-0.005767239994013629,-0.0
2021-12-29,176.06430053710938,177.29119522816015,174.84721561195994,176.01522175411898,62348900,0.09505554166666667,0,0,0.0005022215848109468,0.0
2021-12-30,174.90606689453125,177.23226891731628,174.79809958565312,176.15259582853517,59773000,0.11926554166666667,0,0,-0.006578469565066691,-0.0
2021-12-31,174.28770446777344,175.9170087214449,173.98342209987004,174.79808171507432,64062300,0.12221304166666666,0,0,-0.0035353972434283287,-0.0
2022-01-03,178.64564514160156,179.49957387951153,174.4251401333062,174.5429172102293,104487900,0.13029504166666667,0,0,0.02500429211077204,0.0
2022-01-04,176.3783416748047,179.55845745447346,175.8090608575143,179.25419002967348,99310400,0.13488337499999997,0,0,-0.012691624612509944,-0.0
2022-01-05,171.6867218017578,176.83967914737053,171.41189860813105,176.290032760117,94537600,0.147219625,0,0,-0.026599750448368487,-0.0
2022-01-06,168.82069396972656,172.05969865170314,168.46734773211566,169.50775193820877,96904000,0.15367295833333333,0,0,-0.01669335754072221,-0.0
2022-01-07,168.98753356933594,170.9211204367095,167.86860642072668,169.69422597653536,86709100,0.17858129166666664,0,0,0.0009882650976384966,0.0
2022-01-10,169.0072021484375,169.3114696396271,165.0615045755219,165.95468751702438,106765600,0.19753366666666666,0,0,0.00011639071052238492,0.0
2022-01-11,171.84373474121094,171.94187730471353,167.66248412220455,169.13475736538487,76138300,0.20535158333333334,0,0,0.016783501275183133,0.0
2022-01-12,172.28541564941406,173.90491024436494,171.58854802680634,172.8645062038037,74805200,0.20353575,0,0,0.002570247375432544,0.0
2022-01-13,169.0072021484375,173.35530980310014,168.61458685598154,172.5308401540557,84505800,0.2323690833333333,0,0,-0.019027806205299758,-0.0
2022-01-14,169.87091064453125,170.56777832766494,167.92749898971087,168.17287788763613,80440800,0.2330853333333333,0,0,0.005110483370615038,0.0
2022-01-18,166.66134643554688,169.35068950665382,166.27855596311068,168.33972966979056,90956700,0.1586885833333333,0,0,-0.018894136711262166,-0.0
2022-01-19,163.1573028564453,167.91765859864194,162.872669976532,166.85762015573826,94815000,0.17299691666666667,0,0,-0.021024932619614245,-0.0
2022-01-20,161.46910095214844,166.5435340208892,161.14519905711342,163.8934453067467,91420500,0.19213025,0,0,-0.010347081465193475,-0.0
2022-01-21,159.40792846679688,163.25546724898456,159.29996116779537,161.38076913756592,122848900,0.16685875,0,0,-0.012765120219269677,-0.0
2022-01-24,158.63253784179688,159.29997620135896,151.84045205683918,157.06212195335075,162294600,0.15840625,0,0,-0.004864191087970315,-0.0
2022-01-25,156.82655334472656,159.7514654895658,154.1175758189767,156.04133790955973,115798400,0.14987708333333333,0,0,-0.011384704056562556,-0.0
2022-01-26,156.73822021484375,161.35134029387297,154.90279093312674,160.47779205545413,108275300,0.15426083333333335,0,0,-0.0005632536582541592,-0.0
2022-01-27,156.27691650390625,160.81151382611307,155.35428943492713,159.44720772831658,121954600,0.1717425,0,0,-0.002943147563530979,-0.0
2022-01-28,167.18153381347656,167.20116831659928,159.79072343360525,162.64693708008207,179935700,0.16741116666666667,0,0,0.0697775305113455,0.0
2022-01-31,171.5492706298828,171.76520522888097,166.37667997036093,167.0146740043963,115541600,0.15670325,0,0,0.026125713269740114,0.0
2022-02-01,171.38246154785156,171.608205971386,169.1249723822828,170.7935461214453,86213900,0.14560866666666666,0,0,-0.000972368354693498,-0.0
2022-02-02,172.5896759033203,172.62894490892336,170.12607747590965,171.5198276400682,84914300,0.15166825,0,0,0.007043978389420502,0.0
2022-02-03,169.70404052734375,172.98231399971922,168.93845956073986,171.25483696595504,89418100,0.12839241666666665,0,0,-0.01671962914857672,-0.0
2022-02-04,169.41903686523438,171.09957339010344,167.73850034036528,168.72126637937606,82465400,0.12918741666666667,0,0,-0.0016794158891193511,-0.0
2022-02-07,168.7016143798828,170.95214191132882,168.00384392494493,169.88093057527257,77251200,0.174107,0,0,-0.004234603729463049,-0.0
2022-02-08,171.81700134277344,172.32804392038554,168.4755875609354,168.7704203940124,74829200,0.18581533333333333,0,0,0.01846684736445603,0.0
2022-02-09,173.24200439453125,173.60562304759242,171.88578239754793,173.01597239364082,71285000,0.16620345833333333,0,0,0.008293725537177554,0.0
2022-02-10,169.15371704101562,172.4558121410886,168.59354809326686,171.13890900487118,90865900,,0,0,-0.023598707298520982,-0.0
2022-02-11,165.73367309570312,170.09715694195197,165.14400744238606,169.3600823732159,98670700,0.17327662500000002,0,0,-0.020218556264319232,-0.0
2022-02-14,165.9695587158203,166.6574920486195,163.68953396046075,164.48557217382995,86185500,0.159890125,0,0,0.0014232811939247636,0.0
2022-02-15,169.8121337890625,169.969379951066,167.3159146994891,168.02350743268553,62527400,0.17339645833333334,0,0,0.02315228830499927,0.0
2022-02-16,169.57630920410156,170.35268789659128,167.1193937273566,168.88837586977738,61177400,0.154773125,0,0,-0.0013887381290071943,-0.0
2022-02-17,165.9695587158203,168.94733906736835,165.5666209795301,168.08250002280826,69589300,0.16000145833333332,0,0,-0.02126918851583315,-0.0
2022-02-18,164.41676330566406,167.6009157130797,163.32589238939244,166.893337952625,82772700,0.15078279166666667,0,0,-0.009355904915159807,-0.0
2022-02-22,161.4881134033203,163.81726398261975,159.35549802549073,162.1367275547911,91162800,0.2033183869047619,0,0,-0.01781235589037322,-0.0
2022-02-23,157.31138610839844,163.2865911526906,156.99689373984543,162.68710319648025,90009200,0.1828621369047619,0,0,-0.0258639921347672,-0.0
2022-02-24,159.93533325195312,160.04343810435978,149.38042173851366,149.95042777885615,141147500,0.19502547023809522,0,0,0.01667995692153279,0.0
2022-02-25,162.0089874267578,162.27432346013268,158.09756779697935,161.0163841306603,91974200,0.15649672023809522,0,0,0.012965578853910698,0.0
2022-02-28,162.27432250976562,162.56915531871957,159.63067948265063,160.24982688187194,95056600,0.13481255357142857,1,1,0.0016377800220976901,0.0
2022-03-01,160.38742065429688,163.72883431123614,159.17862257926774,161.86156976875884,83474400,0.11409922023809523,1,1,-0.011627852307657616,-0.011627852307657616
2022-03-02,163.68951416015625,164.47573001503346,160.14172804891763,161.5569135885326,79724800,0.11677872023809521,1,1,0.020588232495968528,0.020588232495968528
2022-03-03,163.36520385742188,165.9990247912093,162.69693011047048,165.56660530985462,76678400,0.08442038690476189,1,1,-0.0019812527662405044,-0.0019812527662405044
2022-03-04,160.35792541503906,162.69691327903544,159.30637359945834,161.65518372489828,83737200,,1,0,-0.018408316895973997,-0.018408316895973997
2022-03-07,156.55465698242188,162.17608078588069,156.2991281758325,160.54468531235605,96418800,0.07000059523809522,1,1,-0.023717371141922405,-0.0
2022-03-08,154.72669982910156,160.0729499038518,153.1149639973743,156.08292186895503,131148300,0.08366615079365078,1,1,-0.011676159550626175,-0.011676159550626175
2022-03-09,160.14170837402344,160.59378730867732,156.662723513079,158.6970412294756,91454900,0.06726115079365078,0,0,0.0349972470873019,0.0349972470873019
2022-03-10,155.78807067871094,157.6258383019349,153.29183663849042,157.43911036241218,105342000,0.07272670634920633,0,0,-0.02718615743216779,-0.0
2022-03-11,152.0634002685547,156.5349891936971,151.83736825574178,156.19101504721644,96970100,0.05916620634920633,0,0,-0.023908572677800333,-0.0
2022-03-14,148.02423095703125,151.4639124411962,147.51320336208943,148.83992865134607,108732100,0.04958150937950937,0,0,-0.026562402947651997,-0.0
2022-03-15,152.4171905517578,152.88892907582556,147.78837062747488,148.29939820148408,92964300,0.01704275937950937,0,0,0.029677300576564036,0.0
2022-03-16,156.83963012695312,157.24256780595263,151.79805049383225,154.34341096119434,102300200,0.012836330808080798,0,0,0.029015359482653214,0.0
2022-03-17,157.85191345214844,158.2253694333253,154.9134519028564,155.87655864840266,75615400,0.0394638308080808,0,0,0.006454257284182141,0.0
2022-03-18,161.15399169921875,161.64537478221072,157.00671727910074,157.7437919035887,123511700,0.037530830808080805,0,0,0.020918835729357932,0.0
2022-03-21,162.52989196777344,163.48317645776484,160.20072569012748,160.69210882947053,95811400,0.0765413308080808,0,0,0.008537798251517792,0.0
2022-03-22,165.91058349609375,166.50023417031582,162.06796436975657,162.6576150439786,81532000,0.07225799747474747,0,0,0.020800429308047708,0.0
2022-03-23,167.27664184570312,169.6647565186416,164.7607477720155,165.09489967753055,98062700,0.1043863308080808,0,0,0.008233702280008748,0.0
2022-03-24,171.07009887695312,171.1388847047802,167.27662120536306,168.11196337652208,90131400,0.13545133080808078,0,0,0.02267774501803488,0.0
2022-03-25,171.70889282226562,172.25923943454524,169.77284242104022,170.8833729038462,80546200,0.13014349747474746,0,0,0.003734106366373169,0.0
2022-03-28,172.57374572753906,172.70149513268552,169.03578151152723,169.20284996119702,90371900,0.161246952020202,0,0,0.0050367391639327685,0.0
2022-03-29,175.87583923339844,175.92496554492044,173.3009816876461,173.6449558432296,100589400,0.15227014646464648,0,0,0.019134390877003637,0.0
2022-03-30,174.7063446044922,176.51463074136956,173.65477761444038,175.47290101025155,92633200,0.16920114646464646,0,0,-0.0066495468280566294,-0.0
2022-03-31,171.60081481933594,174.9618735812638,171.39442730950734,174.77514559518622,103049300,0.1508897575757576,0,0,-0.01777571268053646,-0.0
2022-04-01,171.30596923828125,171.86615315495757,168.9768182066353,171.03079590947166,78751300,0.15841538257575757,0,0,-0.0017182061831414464,-0.0
2022-04-04,175.36480712890625,175.413948439192,171.43374223920495,171.56150664678344,76468400,0.16313957954545455,0,0,0.023693499465738288,0.0
2022-04-05,172.04302978515625,175.22719732393347,171.41406008567415,174.4409814506257,73401800,0.16020532954545458,0,0,-0.018942097893725363,-0.0
2022-04-06,168.86871337890625,170.6376954902334,167.19801388325018,169.38957825115511,89058800,0.18425282954545455,0,0,-0.018450712070195552,-0.0
2022-04-07,169.17333984375,170.37231557194565,166.92281228589906,168.21023335572733,77594700,0.14915866287878787,0,0,0.0018039248286343401,0.0
2022-04-08,167.15867614746094,168.8195531941642,166.28401495074868,168.8195531941642,76575500,0.14120380573593075,0,0,-0.011908872273549864,-0.0
2022-04-11,162.89344787597656,166.11691882734104,162.64775640105051,165.80244153726082,72246700,0.13389747240259742,0,0,-0.025516044813143623,-0.0
2022-04-12,164.77056884765625,166.94247354315863,163.76814322121325,165.12436524547022,79265200,0.10847697240259739,0,0,0.011523612497347901,0.0
2022-04-13,167.46331787109375,168.0922875017565,163.89588754215904,164.5051976542895,70618900,0.08132697240259742,0,0,0.016342415045778935,0.0
2022-04-14,162.44140625,168.3183584761883,162.19571471867903,167.67955149726123,75329400,0.08125197240259742,0,0,-0.029988129250845263,-0.0
2022-04-18,162.2252197265625,163.72885077484435,160.7510704638688,161.09502962767093,69023900,0.04354426785714287,0,0,-0.0013308584826259295,-0.0
2022-04-19,164.5150146484375,164.92778954530513,161.0851710674028,162.17604187582518,67723800,0.02721326785714288,0,0,0.01411491336386872,0.0
2022-04-20,164.34796142578125,165.9695343967265,163.23744599263426,165.851592274227,67929800,0.04124354563492065,0,0,-0.001015428427692422,-0.0
2022-04-21,163.5519256591797,168.57386081804293,163.05072036783037,165.9990185433864,87227800,0.02579417063492065,0,0,-0.004843599882199068,-0.0
2022-04-22,159.00173950195312,164.9769598952382,158.71674389745084,163.59127092738578,84882400,0.021031670634920646,0,0,-0.027821049118727847,-0.0
2022-04-25,160.0729522705078,160.35794785043367,155.72912776950562,158.3432742820327,96046400,0.014616003968253988,0,0,0.006737113517814919,0.0
2022-04-26,154.09774780273438,159.54226611663734,154.0191247048665,159.45382075496946,95623200,-0.004373162698412678,0,0,-0.037328008155156134,-0.0
2022-04-27,153.87168884277344,157.0361817522216,152.70219483485,153.22305964573388,88063200,-0.008346496031746014,0,0,-0.0014669841914258797,-0.0
2022-04-28,160.81983947753906,161.68467841985887,156.19100467866673,156.50549701980856,130216800,-0.009884472222222204,0,0,0.045155484332567886,0.0
2022-04-29,154.9330596923828,163.3357123056005,154.5399592760181,159.05085178561868,131747600,-0.02990518650793649,0,0,-0.03660481072659216,-0.0
2022-05-02,155.23773193359375,155.5030679702358,150.6285567574635,154.009274370481,123055300,-0.008524686507936492,0,0,0.0019664766307194714,0.0
2022-05-03,156.7315216064453,157.9403346152518,153.6259923615283,155.42444099254382,88966500,-0.00015968650793649758,0,0,0.009622594032039578,0.0
2022-05-04,163.1588134765625,163.6108774332453,156.5153058023954,156.9182434563484,108256500,0.009058289682539687,0,0,0.04100829114807025,0.0
2022-05-05,154.06822204589844,161.25223873479916,152.2795808204663,161.02620676532553,130525300,0.01494551190476191,0,0,-0.055716214386236085,-0.0
2022-05-06,154.79653930664062,156.92243639704813,151.74548246293438,153.54658846859752,116124600,0.03211863690476191,0,0,0.004727238693811975,0.0
2022-05-09,149.65896606445312,153.36944186699063,149.0979741892278,152.48364388073944,131577900,0.02669463690476191,0,0,-0.033189199611306175,-0.0
2022-05-10,152.0703125,154.26511205747684,150.5152585828346,153.064374412803,115366700,0.04749352579365079,0,0,0.016112275120946595,0.0
2022-05-11,144.186767578125,152.9954442320576,143.5076602631258,151.07623770131187,142689800,0.056069775793650786,0,0,-0.05184144618546105,-0.0
2022-05-12,140.3089599609375,143.89148337119573,136.60833616921673,140.5156506463481,182602000,0.056571442460317464,0,0,-0.026894337686614533,-0.0
2022-05-13,144.787109375,145.76148251772236,140.85027003642924,142.30689638670236,113990900,0.06475477579365078,0,0,0.031916346720189726,0.0
2022-05-16,143.2418975830078,145.1906439345295,141.90337156179376,143.25174929311245,86643800,0.10590977579365077,0,0,-0.010672302241977016,-0.0
2022-05-17,146.88351440429688,147.40514453340242,144.36392404181558,146.50950977669152,78336300,0.11944432124819626,0,0,0.02542284682579532,0.0
2022-05-18,138.59646606445312,145.0331931657119,137.69097960525806,144.5312514480339,109742900,0.12328315458152957,0,0,-0.05641918613843655,-0.0
2022-05-19,135.1812286376953,139.4231706799626,134.44307125165295,137.67127835185013,136095600,0.13183053553391053,0,0,-0.024641590970794214,-0.0
2022-05-20,135.41744995117188,138.47834364409812,130.51608836864122,136.89376494741566,137426100,0.13490303553391053,0,0,0.0017474416814902138,0.0
2022-05-23,140.8502960205078,140.99792151579808,135.47650272414663,135.61429152570187,117726300,0.11436428553391054,0,0,0.04011924660592037,0.0
2022-05-24,138.14373779296875,139.728316741357,135.16158222827767,138.58662935862338,104132700,0.10458047601010101,0,0,-0.019215850473931484,-0.0
2022-05-25,138.30120849609375,139.55114451962976,136.15562265268915,136.2441979580696,92482700,0.11921762878787878,0,0,0.0011399047516797989,0.0
2022-05-26,141.50970458984375,142.06085975579472,134.97455116041425,135.2206036464889,90601500,0.1148778371212121,0,0,0.0231993351948232,0.0
2022-05-27,147.27719116210938,147.31655295622195,142.96634634088457,143.09429845299417,90978500,0.12018783712121213,0,0,0.04075682716589846,0.0
2022-05-31,146.48980712890625,148.28107646818216,144.52138720505258,146.716186233003,103718400,0.06933221807359306,0,0,-0.005346272745902936,-0.0
2022-06-01,146.36187744140625,149.3440325752995,145.34812731297455,147.5330747402819,74286600,0.06613221807359307,0,0,-0.0008733009484231946,-0.0
2022-06-02,148.82241821289062,148.88146841697989,144.54109820216505,145.4957832158868,72348100,0.06013805140692641,0,0,0.016811350158236538,0.0
2022-06-03,143.08445739746094,145.63355774291225,142.17898598193645,144.58044581379545,88570300,0.05628043235930737,0,0,-0.03855575580838588,-0.0
2022-06-06,143.83245849609375,146.2240967666152,142.61203260738884,144.70840485443364,71598400,0.02045855735930736,0,0,0.00522768938176843,0.0
2022-06-07,146.36187744140625,146.64729173693155,141.82466868695218,142.07072118986648,67808200,0.030289557359307356,0,0,0.017585870197589504,0.0
2022-06-08,145.6237030029297,147.50353249308398,145.13159805431155,146.23390833350376,53950200,0.031531678571428565,0,0,-0.005043488450550138,-0.0
2022-06-09,140.38771057128906,145.61386314826538,140.2794468730643,144.75760527366657,69473000,0.03357617857142857,0,0,-0.03595563307118543,-0.0
2022-06-10,134.96473693847656,138.53740941897706,134.89583502233484,138.06499277205677,91437900,0.024552369047619045,0,0,-0.038628549541440904,-0.0
2022-06-13,129.79762268066406,133.0651921487905,129.3645678675484,130.77198099232118,122207100,0.0273915357142857,0,0,-0.03828492075058032,-0.0
2022-06-14,130.66371154785156,131.77587363104502,129.40392397478837,131.02787945261767,84784300,0.0394292857142857,0,0,0.006672609631058535,0.0
2022-06-15,133.2915496826172,135.1713943388265,130.07319387777778,132.1695509120254,91533000,0.05497720238095236,0,0,0.02011146096828309,0.0
2022-06-16,128.00633239746094,130.2995431807251,127.00243413205736,129.99444052600705,108123900,0.04347657738095236,0,0,-0.03965155553927446,-0.0
2022-06-17,129.48268127441406,130.97868486516475,127.76031356055556,128.0162178037558,134520300,0.06491324404761903,0,0,0.011533405022253529,0.0
2022-06-21,133.724609375,134.8958216908251,131.21488586149243,131.31329785187046,81000500,0.07077657738095236,0,0,0.03276058279636618,0.0
2022-06-22,133.21282958984375,135.5847642777482,131.7955647861074,132.66165937450523,73409200,0.0842749107142857,0,0,-0.003827117443439887,-0.0
2022-06-23,136.0867156982422,136.40165507690898,133.48840199836928,134.65961425641447,72433800,0.11730252976190472,0,0,0.021573643599096304,0.0
2022-06-24,139.4231719970703,139.66922446140885,137.56301596738504,137.69095303670267,89116800,0.10374052976190473,0,0,0.02451713439999792,0.0
2022-06-27,139.4231719970703,141.22427783817045,138.74406479263988,140.44674364086436,70207900,0.06698831547619045,0,0,0.0,0.0
2022-06-28,135.2698211669922,141.15539260379745,135.15172077587945,139.8857683457784,67083400,0.07577144047619046,0,0,-0.029789530467470682,-0.0
2022-06-29,137.0315399169922,138.44880457321094,134.5119649805372,135.28949921008694,66242400,0.07152377380952378,0,0,0.013023738294332121,0.0
2022-06-30,134.5612030029297,136.1851436237319,131.65778627775248,135.08283314259847,98964500,0.06562496428571427,0,0,-0.01802750604392922,-0.0
2022-07-01,136.73629760742188,136.84456131567046,133.51794149629842,133.89193111018585,71051600,0.04845468650793648,0,0,0.016164351655245213,0.0
2022-07-05,139.3247528076172,139.3739663068114,134.76785610712872,135.59460384717786,73353800,0.010177662698412675,0,0,0.01893027122634927,0.0
2022-07-06,140.66331481933594,141.84436401241877,138.85237172208522,139.11811267133183,74064300,-0.0019265039682539841,0,0,0.009607496046069253,0.0
2022-07-07,144.03915405273438,144.23599306904134,141.0176218390398,141.02745853360616,66253700,0.00636199603174602,0,0,0.023999428975026493,0.0
2022-07-08,144.7182159423828,145.22017259883353,142.71043437013336,142.966323535681,64547800,0.012212412698412684,0,0,0.004714425699833047,0.0
2022-07-11,142.58250427246094,144.3245602553875,141.50971892875648,143.36987531125314,63141600,0.024006662698412683,0,0,-0.014757725252584453,-0.0
2022-07-12,143.55686950683594,146.10596977247354,142.7596618190989,143.4584425008562,77588800,0.025451662698412682,0,0,0.00683369421337332,0.0
2022-07-13,143.1927490234375,144.137582416121,139.87595039979414,140.73222349561755,71185600,0.03145582936507935,0,0,-0.0025364197801840405,-0.0
2022-07-14,146.12567138671875,146.5980880188513,140.9880935814835,141.80498974783282,78140700,0.04568416269841269,0,0,0.02048233854914816,0.0
2022-07-15,147.79881286621094,148.47792016432717,145.85991797831633,147.4149715696043,76259900,0.03678582936507936,0,0,0.011450017396767098,0.0
2022-07-18,144.74777221679688,149.17671722622794,144.38360430388153,148.3598211223461,81420900,0.06832461507936508,0,0,-0.020643201323788052,-0.0
2022-07-19,148.61572265625,148.8420867705286,144.59030701772662,145.58435379595355,82982400,0.057366115079365065,0,0,0.02672200324893348,0.0
2022-07-20,150.6234893798828,151.29275997844778,147.99565052411046,148.73380801228873,64823400,0.045197722222222216,0,0,0.013509786769175136,0.0
2022-07-21,152.8970489501953,153.1135763791581,149.5408888191267,152.06046433667046,65086600,0.060889388888888875,0,0,0.015094322802324811,0.0
2022-07-22,151.65692138671875,153.8123437761435,150.98766576840873,152.93639744167697,66675400,0.056109656746031744,0,0,-0.008110866573236009,-0.0
2022-07-25,150.53492736816406,152.59192281243702,149.8755084226827,151.5781876406526,53623900,0.08527680952380953,0,0,-0.0073982381304816824,-0.0
2022-07-26,149.20626831054688,150.6727318576423,148.41889716817153,149.85583561149025,55138700,0.08401514285714287,0,0,-0.00882625102922252,-0.0
2022-07-27,154.31430053710938,154.8457824202778,149.75741782188803,150.1707842766552,78620700,0.09695597619047618,0,0,0.03423470263280781,0.0
2022-07-28,154.86544799804688,155.1508622874104,151.97186822338708,154.50128008945563,81378700,0.07830410119047618,0,0,0.0035715903128819004,0.0
2022-07-29,159.94398498535156,161.04631055801715,156.98151786037047,158.69404891618413,101786900,0.06343279166666667,0,0,0.03279322181258104,0.0
2022-08-01,158.95974731445312,161.00690586019908,158.34954193697632,158.46764232800993,67829400,0.006327791666666667,0,0,-0.006153639794510446,-0.0
2022-08-02,157.48345947265625,159.84557282503414,157.10946983070068,157.57204979903847,59907000,-0.009481708333333333,0,0,-0.009287180350610935,-0.0
2022-08-03,163.50682067871094,163.95954889245084,158.21176579536746,158.30034109572696,82507500,-0.011616708333333333,0,0,0.038247579944105325,0.0
2022-08-04,163.19186401367188,164.55007867195602,161.8336493553877,163.3887030177202,55474100,-0.010172541666666667,0,0,-0.0019262601017602243,-0.0
2022-08-05,162.9651641845703,163.45795268825668,160.64905220175967,160.85602999034109,56697000,0.002546624999999998,0,0,-0.0013891613437454486,-0.0
2022-08-08,162.4921112060547,165.3897106347166,161.8317762742878,163.97047703384425,60276900,-0.014774744047619044,0,0,-0.002902785886067405,-0.0
2022-08-09,162.5413818359375,163.42841029450733,160.89546979944944,161.65436841608152,63135500,0.005332398809523814,0,0,0.00030321859638049453,0.0
2022-08-10,166.79910278320312,166.8976514870886,164.49284053929043,165.26158960768942,70170500,-0.0047351011904761845,0,0,0.02619468900272537,0.0
2022-08-11,166.0598907470703,168.52383349342222,165.76421460976547,167.6072389716485,57149200,0.008426773809523804,0,0,-0.004431750673704826,-0.0
2022-08-12,169.61781311035156,169.68679568241564,166.9567430947443,167.37069868197673,68039400,0.033157130952380945,0,0,0.021425537179838416,0.0
2022-08-15,170.69210815429688,170.88922057556053,168.8786498167292,169.04619612673898,54091700,0.06733025595238093,0,0,0.006333621594604599,0.0
2022-08-16,170.534423828125,171.2046241525694,169.18418785976604,170.28802952506885,56377100,0.07314025595238093,0,0,-0.0009237938875846785,-0.0
2022-08-17,172.03248596191406,173.60940030005358,170.0810475130616,170.27815992548992,79542000,0.08245554004329002,0,0,0.008784514587499848,0.0
2022-08-18,171.63824462890625,172.37742744821887,170.62310142681395,171.2440198074247,62290100,0.07883268290043288,0,0,-0.0022916679416880026,-0.0
2022-08-19,169.04620361328125,171.23418617524862,168.83922578662404,170.53441975425127,70346300,0.09457990512265511,0,0,-0.015101768380521352,-0.0
2022-08-22,165.15316772460938,167.41013274664442,164.72936173644348,167.24258643834608,69026800,0.13140911345598844,0,0,-0.02302941920883228,-0.0
2022-08-23,164.8180389404297,166.27670374105745,164.24640247078557,164.6702084046216,54147100,0.11743432178932178,0,0,-0.0020291998560906244,-0.0
2022-08-24,165.11373901367188,165.68537556627746,163.85220146265053,164.90677623350408,53841500,0.12118765512265513,0,0,0.0017941001794654632,0.0
2022-08-25,167.57769775390625,167.68611185239817,165.9219352009918,166.34572619773232,51218200,0.10175098845598844,0,0,0.014922796582241826,0.0
2022-08-26,161.2601318359375,168.58297803338863,161.20099961189769,168.10990520235598,78961000,0.12385932178932177,0,0,-0.03769932397117859,-0.0
2022-08-29,159.0524444580078,160.55051089039753,157.514946518142,158.82575088680454,73314000,0.1339044354256854,1,1,-0.013690224315181299,-0.0
2022-08-30,156.61807250976562,160.21542318351743,155.4452332651624,159.79163221679283,77906200,0.11509829906204905,1,1,-0.015305467052314947,-0.015305467052314947
2022-08-31,154.9524383544922,158.2639781293564,154.87359037905333,157.99786809208942,87991100,0.07940454906204905,1,1,-0.010635006092094335,-0.010635006092094335
2022-09-01,155.68177795410156,156.13513503517575,152.43922061054926,154.3808088580502,74229900,0.062366691919191905,1,1,0.004706861068819235,0.004706861068819235
2022-09-02,153.56277465820312,158.04715373707748,152.7348934543625,157.44595106884975,76957800,0.028556691919191905,1,1,-0.013611119578318065,-0.013611119578318065
2022-09-06,152.30120849609375,154.82428314179882,151.47332744773013,154.2132302306796,73714800,-0.017592702020202015,1,0,-0.008215312369272754,-0.008215312369272754
2022-09-07,153.71060180664062,154.41035308350388,151.39448974668554,152.587044582361,87449600,-0.05982575396825396,1,0,0.009253986389628821,0.0
2022-09-08,152.2322235107422,154.10481371497846,150.47788269033725,152.40962014455553,84923800,-0.05635275396825397,0,0,-0.009617933171312099,-0.0
2022-09-09,155.1002655029297,155.54378723487187,152.51805827855026,153.2276750032018,68028800,-0.05369224891774891,0,0,0.018839913955438714,0.0
2022-09-12,161.0728759765625,161.89090686431402,157.00245233153106,157.2882631049793,104956000,-0.04536545725108225,0,0,0.03850806092604664,0.0
2022-09-13,151.62118530273438,158.2245492067868,151.15796283866058,157.59378043168627,122656600,-0.028696082251082257,0,0,-0.05867959218163721,-0.0
2022-09-14,153.06997680664062,154.83416823515125,151.39449874644285,152.55747250443096,87965400,-0.052643582251082253,0,0,0.009555336881277743,0.0
2022-09-15,150.17237854003906,153.0009950551444,149.19666683175186,152.41949313430064,90481100,-0.025622867965367974,0,0,-0.018929892896383138,-0.0
2022-09-16,148.5264892578125,149.16712349652025,146.23009244998983,149.02914328242736,162278800,-0.03192474296536797,0,0,-0.010960000089415445,-0.0
2022-09-19,152.251953125,152.33080110123336,146.94955831205283,147.15652109079085,81474200,-0.02379624296536796,0,0,0.02508282452378463,0.0
2022-09-20,154.6370391845703,155.80002796923935,150.8721425262803,151.18751937449895,107689800,-0.024390939935064932,0,0,0.015665388920246714,0.0
2022-09-21,151.50291442871094,156.4505157277147,151.38464998799563,155.07069875161233,101696800,0.003786863095238094,0,0,-0.020267620050061663,-0.0
2022-09-22,150.53707885742188,152.24212333754144,148.73347063401485,150.1822704357891,86652500,0.03578998809523809,0,0,-0.006375029648314379,-0.0
2022-09-23,148.26036071777344,149.28536935652284,146.41733629369975,149.00940896271652,96029900,0.04776070238095238,0,0,-0.015123969170444562,-0.0
2022-09-26,148.595458984375,151.55219019297488,147.48175208341434,147.50146783564452,93339400,0.10321111904761904,0,0,0.0022602013443058233,0.0
2022-09-27,149.5712127685547,152.4885283327447,147.78732017665826,150.53708939650227,84442700,0.1142969713203463,0,0,0.006566511459022983,0.0
2022-09-28,147.67886352539062,148.46732818361193,142.75097820989805,145.5105969943164,146691400,0.1381163869047619,0,0,-0.0126518279028216,-0.0
2022-09-29,140.42501831054688,144.6038705485337,138.65097655674526,143.99281757061257,128138200,0.14176644246031744,0,0,-0.04911904819471058,-0.0
2022-09-30,136.20675659179688,141.03609356030535,136.0096441732016,139.2423359620473,124925300,0.13500559018759017,0,0,-0.030039246350115567,-0.0
2022-10-03,140.39547729492188,141.0065454207756,135.7041349641021,136.21663934873945,114311700,0.09440525685425685,0,0,0.030752664610305125,0.0
2022-10-04,143.99281311035156,144.11107754403744,142.1793399077984,142.9382384476115,87830100,0.09802037049062048,0,0,0.025622875357109498,0.0
2022-10-05,144.28846740722656,145.25434369926734,140.94736196435568,141.99208622138215,79471000,0.12874751334776333,0,0,0.0020532573153384526,0.0
2022-10-06,143.33248901367188,145.41205756578128,143.12552621752397,143.7070131726072,68402200,0.11952279906204906,0,0,-0.006625466405825953,-0.0
2022-10-07,138.06948852539062,141.03608513942643,137.43871980031912,140.4841493461153,85925600,0.12172967406204907,0,0,-0.03671882435376694,-0.0
2022-10-10,138.39474487304688,139.84354452092543,136.5714361256321,138.39474487304688,74899000,0.09804228517316016,0,0,0.0023557438441328404,0.0
2022-10-11,136.97549438476562,139.31132222277216,136.22646123968164,137.8822234673554,77033700,0.0792768685064935,0,0,-0.010255089451432275,-0.0
2022-10-12,136.3447265625,138.33559643003326,136.1673299106835,137.1233408598166,70433700,0.08036249350649351,0,0,-0.004604968393060127,-0.0
2022-10-13,140.9276580810547,141.51899524707383,132.4319742692316,133.0430422244427,113224000,0.07868314285714285,0,0,0.0336128256229542,0.0
2022-10-14,136.38417053222656,142.43561361849277,136.19690846794035,142.22863580040965,88598000,0.09183114285714286,0,0,-0.03223985703512455,-0.0
2022-10-17,140.3560333251953,140.83895646188824,138.24689900930798,139.03536366842835,85250900,0.11038739285714286,0,0,0.029122608419063,0.0
2022-10-18,141.6766815185547,144.5841304098021,138.5819706072804,143.3915907644367,99136600,0.12438926785714285,0,0,0.009409272705075189,0.0
2022-10-19,141.7851104736328,142.8593858144363,139.45914810857732,139.6464101482739,61758300,0.12372770941558439,0,0,0.0007653267560754351,0.0
2022-10-20,141.3218994140625,143.7858421579012,140.59256694794956,140.95724070036255,64522000,0.12243715386002885,0,0,-0.0032669936781298814,-0.0
2022-10-21,145.14593505859375,145.71757154709675,140.59255890223196,140.80938705437833,86548600,0.12001138997113996,0,0,0.027059045062273857,0.0
2022-10-24,147.29449462890625,148.06324356402658,143.89425664068742,145.06709579621315,75981900,0.1304987233044733,0,0,0.014802753996831841,0.0
2022-10-25,150.14279174804688,150.29063731652494,147.20577659322453,147.92524356927564,74732300,0.13017935966810967,0,0,0.019337430949585954,0.0
2022-10-26,147.19593811035156,149.79786091510002,145.90481954516318,148.78271775892205,88194300,0.11294846681096682,0,0,-0.019627007086962966,-0.0
2022-10-27,142.71156311035156,146.90026566861184,142.05122827640076,145.9344043483702,109180200,0.10688155772005772,0,0,-0.030465344747747758,-0.0
2022-10-28,153.4938201904297,155.2284308931388,145.68804947016358,146.06255863265773,164762400,0.09312022438672438,0,0,0.07555279225510803,0.0
2022-10-31,151.12840270996094,152.01543120421692,149.7288849047636,150.9510060343384,97943200,0.14337786327561325,0,0,-0.01541050628314633,-0.0
2022-11-01,148.47720336914062,153.20797707085114,146.9791368105924,152.8433183089133,80379300,0.17374036327561326,0,0,-0.017542694114940027,-0.0
2022-11-02,142.93826293945312,149.97528368505897,142.90869682596562,146.80172383520585,93604600,0.17552098827561324,0,0,-0.03730498894107481,-0.0
2022-11-03,136.876953125,140.74041357111363,136.74882328898968,140.01108109963562,97918500,0.17699073575036076,0,0,-0.042405089370790905,-0.0
2022-11-04,136.61041259765625,140.8455457973991,132.6615642734104,140.27296098274414,140814800,0.14260416432178932,0,0,-0.0019473002668340955,-0.0
2022-11-07,137.1434783935547,137.37053291778528,133.93503964712596,135.35662722495974,83374600,0.13063566432178933,0,0,0.0039020875917301634,0.0
2022-11-08,137.71607971191406,139.62139172038218,135.73178893253106,138.61444628445304,89908500,0.11706316432178931,0,0,0.004175199032915078,0.0
2022-11-09,133.1453094482422,136.77825830980785,132.8688912272567,136.72889468527546,74917800,0.13035895003607503,0,0,-0.033189808141746324,-0.0
2022-11-10,144.9918670654297,144.9918670654297,137.7161171653123,139.43387200663756,118854000,0.1288754884976135,0,0,0.0889746523274455,0.0
2022-11-11,147.78564453125,148.09167786414133,142.5238023668343,143.955271925704,93979700,0.13690187738650236,0,0,0.019268511554234813,0.0
2022-11-14,146.38380432128906,148.35822845841318,145.544668037547,147.0649830587826,73374100,0.14672954405316901,0,0,-0.00948563180413986,-0.0
2022-11-15,148.12130737304688,151.6259135896167,146.66023757913166,150.2734377369584,89868300,0.14002004405316903,0,0,0.011869503322541552,0.0
2022-11-16,146.8872833251953,147.9534742124063,145.4064651591236,147.22294689122086,64218300,0.12099129405316904,0,0,-0.008331171724967557,-0.0
2022-11-17,148.7926025390625,149.5428782799837,144.2810362048945,144.55745437595286,80389400,0.13348720314407814,0,0,0.012971301332117324,0.0
2022-11-18,149.3553009033203,150.74727347635653,148.05218886107582,150.36226138845927,74829600,0.11639478647741146,0,0,0.0037817630356327125,0.0
2022-11-21,146.1172637939453,148.4470850528785,145.83097890062086,148.2397789385964,58724100,0.08924895314407813,0,0,-0.02168009498016432,-0.0
2022-11-22,148.25949096679688,148.49642726977405,145.0510519659885,146.23571841721474,51804100,0.07955770314407812,0,0,0.014661013471156448,0.0
2022-11-23,149.13815307617188,149.8884289191742,147.4302651381728,147.53885908183943,58301400,0.08123953647741146,0,0,0.005926515082746331,0.0
2022-11-25,146.2159881591797,146.97614571181424,145.23864273436385,146.4134275710732,35195900,0.038607899572649554,0,0,-0.01959367778612431,-0.0
2022-11-28,142.37571716308594,144.76476841756258,141.54646269068775,143.28395040385445,69246000,0.0405175821123321,0,0,-0.026264371252704533,-0.0
2022-11-29,139.36471557617188,142.95816663670598,138.55520957308642,142.44481218129835,83763800,0.030500367826617813,0,0,-0.02114828038734351,-0.0
2022-11-30,146.1370086669922,146.8181874388057,138.75266623992653,139.59178750228543,111380900,0.0253451755189255,0,0,0.048594029434364305,0.0
2022-12-01,146.41343688964844,147.22295811269422,144.7351791862477,146.31472470924987,71250400,0.013441532661782652,0,0,0.0018915689131571156,0.0
2022-12-02,145.91983032226562,146.10740304717433,143.78744839224407,144.09349682237342,65447400,0.005620619200244191,0,0,-0.003371320132009803,-0.0
2022-12-05,144.7549285888672,148.99006226616046,143.90592550087496,145.88034988563246,68826400,0.025152285866910866,0,0,-0.007983162609398131,-0.0
2022-12-06,141.0824737548828,145.41633393123826,140.1051284296616,145.18927938388143,64727200,0.020916452533577535,0,0,-0.02537015402366627,-0.0
2022-12-07,139.13766479492188,141.536582777895,138.20968308402922,140.37167982245785,69721100,0.00621395253357754,0,0,-0.013784908275282004,-0.0
2022-12-08,140.82582092285156,141.68470582050676,139.2956539918693,140.53953599940877,62128300,0.04094145253357754,0,0,0.012132991669925541,0.0
2022-12-09,140.3420867919922,143.70848393310538,139.09818980739163,140.51977775341376,76097000,0.03217020253357754,0,0,-0.0034349817930362514,-0.0
2022-12-12,142.64227294921875,142.65213964669184,139.25612782207975,140.87515496362036,70462700,0.014723000152625154,0,0,0.01638985289306527,0.0
2022-12-13,143.6097869873047,148.05224272401983,142.39551997042892,147.58825169753635,93886200,0.02826450015262515,0,0,0.006782800204188977,0.0
2022-12-14,141.37864685058594,144.78452547159364,139.35485909896488,143.49128007302596,82291200,0.047306833485958474,0,0,-0.015536128724402243,-0.0
2022-12-15,134.7544403076172,139.98666700994897,134.29044945457875,139.3054883080985,98931900,0.06054326205738705,0,0,-0.04685436372841689,-0.0
2022-12-16,132.78988647460938,135.8897316869335,132.01986228619933,134.94201656134896,160156900,0.036224928724053716,0,0,-0.014578768822186006,-0.0
2022-12-19,130.67726135253906,133.47107341378072,129.64070069453433,133.38222793972224,79592600,0.051216595390720376,0,0,-0.015909533309784618,-0.0
2022-12-20,130.608154296875,131.54600271059752,128.22896969448558,129.70978773625592,77432800,0.061324809676434666,0,0,-0.0005288376489436253,-0.0
2022-12-21,133.7178955078125,135.06050476290935,131.05242546033497,131.27948005874936,85928000,0.05856500198412697,0,0,0.023809701834305086,0.0
2022-12-22,130.5390625,132.83926868979583,128.63375022087482,132.63196256739838,77852100,0.0735185734126984,0,0,-0.023772682001466094,-0.0
2022-12-23,130.17379760742188,130.72663401357696,127.98218538040544,129.24581575552057,63814900,0.09242461507936506,0,0,-0.0027981271320844936,-0.0
2022-12-27,128.36720275878906,129.72956043211943,127.07395717087712,129.69994527084378,69007800,0.06879211507936507,0,0,-0.013878329447537086,-0.0
2022-12-28,124.42822265625,129.3544092695257,124.26039839519768,128.0118001174449,85438400,0.0860906865079365,0,0,-0.03068525306998149,-0.0
2022-12-29,127.9525375366211,128.81140708653544,126.096581838728,126.35325151497662,75703700,0.06199282936507936,0,0,0.028324079578854855,0.0
2022-12-30,128.2684783935547,128.2882268560697,125.80045533922237,126.76792664300454,77034200,0.057090746031746034,0,0,0.002469203526684005,0.0
2023-01-03,123.4706039428711,129.2260441509053,122.5821116407929,128.61397753423014,112117500,0.11765241269841269,0,0,-0.03740493775846243,-0.0
2023-01-04,124.74413299560548,127.0147240465149,123.4805025968435,125.26735425148368,89113600,0.09783336507936508,0,0,0.010314431225457055,0.0
2023-01-05,123.42125701904295,126.1360903730334,123.16458728849295,125.50427521319664,80962700,0.08461336507936508,0,0,-0.01060471498574711,-0.0
2023-01-06,127.96244049072266,128.62387085680967,123.2929310044788,124.39861137948095,87754700,0.08815436507936507,0,0,0.036794176152160185,0.0
2023-01-09,128.48565673828125,131.70397802412538,128.22898699932043,128.8015718603827,70790800,0.12644714285714284,0,0,0.004088826733470441,0.0
2023-01-10,129.05824279785156,129.5814640429866,126.48161843097463,128.59425187274505,63896200,0.12401944444444442,0,0,0.004456420071359712,0.0
2023-01-11,131.78294372558594,131.8026771210122,128.7916923794983,129.57158328133335,69458900,0.11932094444444444,0,0,0.021112180583476414,0.0
2023-01-12,131.70394897460938,132.54307008824253,129.75914024116136,132.16793979306604,71379600,0.11625244444444442,0,0,-0.0005994307665569965,-0.0
2023-01-13,133.0366973876953,133.19465493922883,129.97634891095512,130.34161256817276,57809700,0.11281976587301586,0,0,0.010119274505146825,0.0
2023-01-17,134.20159912109375,135.53432625738486,132.41474784548592,133.10579321952497,63646600,0.1107570992063492,0,0,0.0087562436250479,0.0
2023-01-18,133.48094177246094,136.83745656269951,133.30323577852656,135.0703537024429,69672800,0.13347159920634918,0,0,-0.005369960964343945,-0.0
2023-01-19,133.5402069091797,134.50767070819074,132.059388516062,132.36542190712012,58280400,0.1725140992063492,0,0,0.0004439969926177678,0.0
2023-01-20,136.10693359375,136.2550244536786,132.50361529041555,133.55005775379874,80223600,0.16751743253968254,0,0,0.019220628333427303,0.0
2023-01-23,139.30551147460938,141.48725702280552,136.1365537453342,136.35374163026458,81760300,0.17666071825396823,0,0,0.023500477135179887,0.0
2023-01-24,140.7073211669922,141.32926952973608,138.505842687211,138.5157093840139,66435100,0.19347738492063488,0,0,0.010062844445593244,0.0
2023-01-25,140.0458984375,140.60860145852004,137.03489874919626,139.0883015683729,65799300,0.18961638492063487,0,0,-0.004700698755448651,-0.0
2023-01-26,142.1190643310547,142.4053492196724,140.08539469738815,141.33915831562229,54105100,0.18773846825396823,0,0,0.014803474551451368,0.0
2023-01-27,144.06387329101562,145.34725220094586,141.2503274776649,141.3293062635936,70555800,0.21521037301587298,0,0,0.01368436366447412,0.0
2023-01-30,141.1713409423828,143.68873499989203,141.0232651416844,143.10628343226185,64015300,0.15889991847041846,0,0,-0.020078124255272223,-0.0
2023-01-31,142.44482421875,142.49418783542103,140.46053336332577,140.87516062877287,65874500,0.13907891847041842,0,0,0.009020834312871928,0.0
2023-02-01,143.5702362060547,144.73515421762997,139.51280928282884,142.1289150988489,77663600,0.1172710613275613,0,0,0.007900687115008243,0.0
2023-02-02,148.89134216308594,149.24672407231745,146.2752209542802,146.9958815985471,118339000,0.12076928354978353,0,0,0.03706273735869803,0.0
2023-02-03,152.52427673339844,155.36745253753844,145.93957351960248,146.13701293629845,154357300,0.12973492640692638,0,0,0.024399904773060754,0.0
2023-02-06,149.78968811035156,151.14217893420934,148.85183962560956,150.61895772492184,69858300,0.16797845418470417,0,0,-0.017928874547799012,-0.0
2023-02-07,152.67233276367188,153.2449175425215,148.7136179890826,148.7136179890826,83322600,0.1666330256132756,0,0,0.01924461349566764,0.0
2023-02-08,149.97726440429688,152.60325227526124,149.2368553096487,151.91220679965525,64120100,0.1492310256132756,0,0,-0.017652631033985844,-0.0
2023-02-09,148.940673828125,152.35643407265164,148.49643142830433,151.81346444457745,56007100,0.12045685894660892,0,0,-0.00691165144456507,-0.0
2023-02-10,149.30650329589844,149.6327824911062,147.53670230127932,147.77400037597403,57450700,0.12788477561327558,0,0,0.002456209297102996,0.0
2023-02-13,152.114501953125,152.51986548450935,149.21754595699727,149.24720633522875,62199000,0.11111883116883114,0,0,0.018806941393983534,0.0
2023-02-14,151.4718017578125,152.03537903023067,149.15820209418638,150.40398304690967,61707600,0.09217737283549782,0,0,-0.004225107974981546,-0.0
2023-02-15,153.5778045654297,153.74588507311654,151.15544476328222,151.38284602819238,65573800,0.09968170616883114,0,0,0.01390359646599082,0.0
2023-02-16,151.97607421875,154.56651436571883,151.6201346111262,151.7783182582222,68167900,0.09467670616883114,0,0,-0.010429439014394082,-0.0
2023-02-17,150.82913208007812,151.27405274729716,149.14831228910668,150.6313912376096,59144100,0.05685480140692639,0,0,-0.007546859889412616,-0.0
2023-02-21,146.80506896972656,149.59326523615655,146.73586644892643,148.50566773790462,58867200,0.14109044642857144,0,0,-0.02667961457349699,-0.0
2023-02-22,147.23020935058594,148.2584708875877,145.4999504020457,147.19065212608928,51011300,0.1265769464285714,0,0,0.0028959516441973143,0.0
2023-02-23,147.71469116210938,148.6440899304933,145.5790684516341,148.39691004897256,48394200,0.12428273214285712,0,0,0.00329064132735013,0.0
2023-02-24,145.05503845214844,145.52961956815125,144.07620075664735,145.4505202010405,55469600,0.1210742321428571,0,0,-0.0180053364295506,-0.0
2023-02-27,146.25137329101562,147.48727255329774,145.7866739614647,146.04375066348234,44998500,0.11362966865079363,0,0,0.0082474545636817,0.0
2023-02-28,145.74713134765625,147.3982909462784,145.17367228142913,145.39119175781394,50547000,0.0904840972222222,0,0,-0.0034477757850247537,-0.0
2023-03-01,143.6708221435547,145.56916169404062,143.37420328858403,145.1736799451875,55479000,0.0897140972222222,0,0,-0.014245969611222487,-0.0
2023-03-02,144.26405334472656,145.05503189340783,142.27671766674902,142.75131384795435,52238100,0.08678076388888886,0,0,0.004129100065837443,0.0
2023-03-03,149.32627868652344,149.40537804304904,145.66802019550744,146.3700024688502,70732300,0.06969826388888886,0,0,0.03508999798931489,0.0
2023-03-06,152.09471130371094,154.53684949594242,151.72888994336137,152.05515407809082,87558000,0.10048226388888885,0,0,0.018539487098578222,0.0
2023-03-07,149.88987731933594,152.29245838395036,149.4251779626418,151.96617914925054,56182000,0.10563983333333331,0,0,-0.014496453988937619,-0.0
2023-03-08,151.14553833007812,151.7387760380252,150.11727673451966,151.08621757661572,47204800,0.11805170833333331,0,0,0.008377223553709623,0.0
2023-03-09,148.89125061035156,152.79668921738386,148.53531102339875,151.82774843104707,53833600,0.10136087499999998,0,0,-0.014914682528064827,-0.0
2023-03-10,146.82481384277344,149.237291312372,145.9448542824683,148.51553045848686,68572400,0.09830462499999995,0,0,-0.013878832766244908,-0.0
2023-03-13,148.77259826660156,151.41247705797895,146.03384150790953,146.1426012372918,84457100,0.11154367261904759,0,0,0.013266043884883727,0.0
2023-03-14,150.86868286132812,151.66954312555754,148.40678132116508,149.57346291926223,73695900,0.10021033928571425,0,0,0.014089184561866475,0.0
2023-03-15,151.26419067382812,151.5212522938301,148.2288147892157,149.48449268664993,77167900,0.06725676785714282,0,0,0.0026215368557538365,0.0
2023-03-16,154.09194946289062,154.69506899796588,149.9294334770987,150.44357187257182,76161100,0.06986176785714283,0,0,0.018694171941593396,0.0
2023-03-17,153.25149536132812,154.9718724178721,152.53961624045886,154.31931404263202,98944600,0.04422376785714284,0,0,-0.005454237580172272,-0.0
2023-03-20,155.62440490722656,156.03968027113282,152.41106732424598,153.3207023163031,73641400,0.010150482142857117,0,0,0.015483761122876638,0.0
2023-03-21,157.4832305908203,157.60187209543255,154.77413390443738,155.5453489444009,73938300,0.002909648809523787,0,0,0.011944307094390982,0.0
2023-03-22,156.04959106445312,160.31096943804832,156.029812451383,157.50300984854792,75701800,-0.0029143988095238276,0,0,-0.009103442449006738,-0.0
2023-03-23,157.13717651367188,159.7276317574304,155.90127718884906,157.03831361968307,67622100,0.007761976190476178,0,0,0.006969486057605501,0.0
2023-03-24,158.4423065185547,158.53128765648677,156.069385653722,157.06798695939537,59196500,0.012584476190476179,0,0,0.008305673003926373,0.0
2023-03-27,156.49449157714844,158.9564080964957,156.08911303822106,158.13576925671327,52390300,0.02011372619047618,0,0,-0.012293528062078174,-0.0
2023-03-28,155.87158203125,156.70211765807048,154.2204227121211,156.18797942940225,45992200,0.010395351190476187,0,0,-0.0039803927896807645,-0.0
2023-03-29,158.9564208984375,159.23326112130354,157.5524411719995,157.57220469744664,51305700,0.004232781746031741,0,0,0.019790899835539166,0.0
2023-03-30,160.5284881591797,160.6372479005565,159.45078759523014,159.70784921727477,49501700,0.009330698412698407,0,0,0.00988992613105344,0.0
2023-03-31,163.03982543945312,163.1387034155815,160.08356404514288,160.60758412796915,68749800,0.010153198412698409,0,0,0.015644184462655586,0.0
2023-04-03,164.29550170898438,164.4141432098461,162.36750188667764,162.41694087425697,56976200,0.06487181746031745,0,0,0.007701653667419706,0.0
2023-04-04,163.76158142089844,164.95792331758295,163.24744316398008,164.7206403425892,46278300,0.07154872222222221,0,0,-0.0032497559734269155,-0.0
2023-04-05,161.91268920898438,163.1881457283857,159.9748075653386,162.88164511746857,51511700,0.07754967460317459,0,0,-0.011290146296047632,-0.0
2023-04-06,162.80255126953125,163.0991701273508,160.1725538630794,160.5976959928467,45390100,0.11040538888888889,0,0,0.0054959377482657334,0.0
2023-04-10,160.20220947265625,160.20220947265625,158.27420958419825,159.59909001148102,47716900,0.11996336507936507,0,0,-0.015972365153970713,-0.0
2023-04-11,158.98606872558594,160.52846844172586,158.69933167596588,160.51858667978223,47644200,0.1410659841269841,0,0,-0.007591285732409858,-0.0
2023-04-12,158.29396057128906,160.2318418847326,157.97756316447288,159.40132132182822,50133100,0.1582436091269841,0,0,-0.00435326289809379,-0.0
2023-04-13,163.6923828125,163.92968090167284,159.59908506589906,159.8067227797579,68445600,0.15520396626984123,0,0,0.03410377895484973,0.0
2023-04-14,163.34634399414062,164.44382316709542,161.9720245871667,162.73332768738865,49386500,0.18174146626984125,0,0,-0.0021139579766258354,-0.0
2023-04-17,163.3660888671875,163.52428757903846,162.1796287016244,163.2276687659828,41516200,0.15398934126984126,0,0,0.0001208773490981585,0.0
2023-04-18,164.5921173095703,165.52151594579726,163.78136017187086,164.22629596467013,49923000,0.16175592857142854,0,0,0.007504791544465261,0.0
2023-04-19,165.73904418945312,166.26306428456468,163.67260909854727,163.92968580784367,47720200,0.16571537301587297,0,0,0.006968297744937679,0.0
2023-04-20,164.77008056640625,165.9763194310247,163.69238005042013,164.21640012100644,52456400,0.174831623015873,0,0,-0.005846320809834493,-0.0
2023-04-21,163.15847778320312,164.5723392677561,162.63445771401044,163.18813815793777,58337300,0.162566623015873,0,0,-0.009780918827393625,-0.0
2023-04-24,163.4649658203125,163.73192425907348,162.04120759579996,163.1386866366401,41949600,0.20072103968253968,0,0,0.0018784683534289748,0.0
2023-04-25,161.92257690429688,164.43391748853472,161.88301968061162,163.32655661191464,48714100,0.18697092063492063,0,0,-0.009435593176039259,-0.0
2023-04-26,161.91268920898438,163.41554697412082,160.96352700012233,161.22058862196803,45498800,0.19553395634920634,0,0,-6.10643401404154e-05,-0.0
2023-04-27,166.51025390625,166.6585557959531,163.32657592288362,163.32657592288362,64902300,0.21138728968253967,0,0,0.028395332816265162,0.0
2023-04-28,167.76589965820312,167.93399523157063,165.98621681699632,166.58933625125528,55275900,0.20221728968253969,0,0,0.007540951517977401,0.0
2023-05-01,167.6769256591797,168.52722497825897,166.7376452115908,167.37042504765017,52472900,0.2292001468253968,0,0,-0.0005303461502290663,-0.0
2023-05-02,166.63876342773438,168.42835824019505,165.65004401355455,168.17128153704527,48425700,0.19749752777777774,0,0,-0.006191443619114834,-0.0
2023-05-03,165.56105041503906,168.9919077307227,165.27432844465707,167.58792807875122,65136000,0.20319452777777774,0,0,-0.00646736083806021,-0.0
2023-05-04,163.91976928710938,165.1556684360722,162.45646891900202,163.02992793451995,81235400,0.18362479563492062,0,0,-0.009913449593459411,-0.0
2023-05-05,171.61203002929688,172.33379095243657,168.8337158986843,169.05123536921852,113453200,0.16246047745310244,0,0,0.046926986144754324,0.0
2023-05-08,171.5428009033203,171.88885869773142,170.168481660933,170.53430297922057,55962800,0.21254397745310244,0,0,-0.0004034048543376523,-0.0
2023-05-09,169.8323211669922,171.5823434942616,169.66424069363828,171.09788068478838,45326900,0.20394183459595955,0,0,-0.009971154296892548,-0.0
2023-05-10,171.60214233398438,172.06684167430913,169.96086445482297,171.06824047843108,53724500,0.2124850091991342,0,0,0.010420991451044026,0.0
2023-05-11,171.7899932861328,172.62051394942262,170.22781484613878,171.88887125937896,49514700,0.2154025091991342,0,0,0.001094688851744241,0.0
2023-05-12,170.85931396484375,172.33453386665053,169.30487018579348,171.89889318697968,45533100,0.20909167586580085,0,0,-0.0054175409375499806,-0.0
2023-05-15,170.36428833007812,171.49298697857782,169.77023004875,171.44347960387887,37266700,0.18831605086580086,0,0,-0.002897270410833319,-0.0
2023-05-16,170.36428833007812,171.42367363249335,170.0969605927275,170.28507955206572,42110300,0.16797605086580086,0,0,0.0,0.0
2023-05-17,170.9781494140625,171.21576065716158,168.73064739205591,170.00786825383628,57951600,0.1686152175324675,0,0,0.003603226298195983,0.0
2023-05-18,173.3147430419922,173.50286200077872,170.86922679282654,171.28506154552483,65496700,0.1580004675324675,0,0,0.013666036484411226,0.0
2023-05-19,173.4236602783203,174.64146318273222,173.20583990744595,174.64146318273222,55809500,0.15284141991341987,0,0,0.0006284360719488458,0.0
2023-05-22,172.47314453125,172.97809854709377,171.7305793150355,172.25532419255816,43570900,0.15264766991341988,0,0,-0.00548088851051165,-0.0
2023-05-23,169.85934448242188,171.66131029872133,169.58212129645744,171.41378851785805,50747300,0.17341683658008658,0,0,-0.015154823412838803,-0.0
2023-05-24,170.1365509033203,170.71080319124064,168.82964388505917,169.393985633902,45143500,0.15370783658008655,0,0,0.0016319762786269898,0.0
2023-05-25,171.27516174316406,172.17612946392208,169.9880455752579,170.70090944955888,56058300,0.17085721158008657,0,0,0.006692335267162841,0.0
2023-05-26,173.69093322753906,174.02757424675536,171.39393953348073,171.60186442454005,54835000,0.18299402976190476,0,0,0.014104622408692036,0.0
2023-05-30,175.5424346923828,177.21568420222022,174.81967538543662,175.20580872558915,55964400,0.10609027976190477,0,0,0.010659747347999016,0.0
2023-05-31,175.492919921875,177.57210865507508,175.00777185545402,175.57212869440465,99625300,0.07742786904761904,0,0,-0.0002820672425706272,-0.0
2023-06-01,178.30474853515625,178.33444993394386,175.17607026429087,175.93844141740337,68901800,0.06766078571428571,0,0,0.01602246184366307,0.0
2023-06-02,179.15623474121094,179.97800874169684,177.48298533965166,179.2354435119536,61996900,0.06953161904761904,0,0,0.004775454456765527,0.0
2023-06-05,177.79981994628906,183.1165821425977,176.275077551752,180.8195882273271,121946500,0.08714499404761904,0,0,-0.007571128054132181,-0.0
2023-06-06,177.43348693847656,178.33445457100666,175.6711182885981,178.18594757320713,64848400,0.0996966607142857,0,0,-0.002060367709726396,-0.0
2023-06-07,176.05726623535156,179.41366034455214,175.56222276728346,176.67111530134713,61944600,0.1060399684065934,0,0,-0.007756262512060075,-0.0
2023-06-08,178.78001403808594,179.04732664647344,175.70084291207064,176.1364684949153,50214900,0.11604943269230768,0,0,0.015465125984034378,0.0
2023-06-09,179.16615295410156,180.42355258623877,178.83942242611607,179.70079329510486,48900000,0.13251243269230767,0,0,0.0021598550491968016,0.0
2023-06-12,181.9680633544922,182.0670780867689,179.17602617310777,179.4730552624109,54274900,0.12723784935897436,0,0,0.01563861451614912,0.0
2023-06-13,181.4928436279297,182.3245130733023,180.63147278147432,180.9879047019953,54929100,0.13284951602564102,0,0,-0.002611555664230658,-0.0
2023-06-14,182.12649536132812,182.56213604593384,180.21563475820471,181.5522431050323,57462900,0.1388211826923077,0,0,0.0034913317832931945,0.0
2023-06-15,184.16607666015625,184.67103069686027,181.95818688950908,182.13641040467775,65433200,0.13051284935897434,0,0,0.011198707221492965,0.0
2023-06-16,183.0869140625,185.1364017157052,182.44336345767,184.87896938774844,101256200,0.10863909935897434,0,0,-0.005859725185152542,-0.0
2023-06-20,183.1759796142578,184.2551858622496,182.58193651385488,182.58193651385488,49799100,0.15489909935897433,0,0,0.0004864659618841749,0.0
2023-06-21,182.1363983154297,183.5720213426237,180.77996894802232,183.06706733943585,49515700,0.16050722435897433,0,0,-0.005675314530962705,-0.0
2023-06-22,185.14627075195312,185.19577812392737,181.8492791978518,181.91859254012144,51245300,0.15948705769230767,0,0,0.016525375841191625,0.0
2023-06-23,184.8294219970703,185.70070333532985,183.17597862652977,183.71063403229,53117000,0.15231991483516483,0,0,-0.0017113428944367515,-0.0
2023-06-26,183.43344116210935,186.18588209023153,183.3938292179108,184.97797462018883,48088700,0.13025403983516481,0,0,-0.007552806365336617,-0.0
2023-06-27,186.1957550048828,186.52248552112175,183.8294477274505,184.04726807160984,50730800,0.11621820650183148,0,0,0.015058943588875273,0.0
2023-06-28,187.3739471435547,188.0174975900725,185.7403097900696,186.0670251747448,51216800,0.10557089880952382,0,0,0.00632770676560801,0.0
2023-06-29,187.71058654785156,188.18583917474905,187.0670360551127,187.2056476277424,46347300,0.09388500595238095,0,0,0.0017966179900077428,0.0
2023-06-30,192.0471954345703,192.55213441538433,189.36405275409535,189.73039525314567,85213200,0.08574486309523807,0,0,0.02310263350870323,0.0
2023-07-03,190.55213928222656,191.9580609253223,189.85906633761323,191.85904618822673,31458200,0.09458586309523807,0,0,-0.007784837206087247,-0.0
2023-07-05,189.4333343505859,191.06697174397888,188.73036598215447,189.67096065277283,46920300,0.10505377976190473,0,0,-0.005871384786625744,-0.0
2023-07-06,189.9085693359375,190.11649423604223,187.32444187549908,187.95809689875657,45094300,0.0943338988095238,0,0,0.0025087188956516293,0.0
2023-07-07,188.7897796630859,190.7600582083635,188.35415407859097,189.51255404191053,46815000,0.09177473214285711,0,0,-0.0058912016280451285,-0.0
2023-07-10,186.74029541015625,188.1066202001988,185.18585168727856,187.3838458679872,59922200,0.15005535714285712,0,0,-0.010855906800607329,-0.0
2023-07-11,186.215576171875,187.42348359441797,184.75025155228488,187.28487201023415,46638100,0.14722973214285712,0,0,-0.0028098875881542584,-0.0
2023-07-12,187.88880920410156,189.7996698114742,186.60169311695756,187.79968989475896,60750200,0.15638056547619045,0,0,0.008985462261664967,0.0
2023-07-13,188.65115356445312,189.2947191217671,187.8986929500458,188.61155673528532,41342300,0.16980106547619048,0,0,0.004057422917207676,0.0
2023-07-14,188.79966735839844,189.28480025511277,187.75017769506536,188.34422075160825,41616200,0.16593945833333332,0,0,0.0007872403170572362,0.0
2023-07-17,192.0669708251953,192.39370132812152,189.9085734412509,189.9976776399959,50520200,0.19130731547619045,0,0,0.01730566325943017,0.0
2023-07-18,191.80953979492188,192.40359800546008,190.51252831302557,191.433317028607,48288200,0.21186794047619045,0,0,-0.0013403191041511109,-0.0
2023-07-19,193.16598510742188,196.2649472303636,190.74025980403417,191.18581105243047,80507300,0.20991794047619047,0,0,0.007071834455941506,0.0
2023-07-20,191.21551513671875,194.52240222913113,190.59175546623808,193.15607727761312,59581200,0.21614731547619045,0,0,-0.010097378012067892,-0.0
2023-07-21,190.0373077392578,193.03727024392953,189.33433929774543,192.1758993586859,71951700,0.22193145833333333,0,0,-0.006161672585085598,-0.0
2023-07-24,190.8392639160156,192.9778554020486,190.34422042985216,191.4927249435582,45377800,0.1488818869047619,0,0,0.004219993359714902,0.0
2023-07-25,191.70065307617188,192.51253172271785,191.0075951507849,191.41353447405788,37283200,0.17087962499999998,0,0,0.004513689386977271,0.0
2023-07-26,192.57192993164065,193.70062855675883,191.40363447210132,191.75015587275632,47471900,0.175912875,0,0,0.004544986370612847,0.0
2023-07-27,191.30458068847656,195.2451220868233,190.6412243176952,194.07682686567816,47460200,0.1852171607142857,0,0,-0.006581173297759313,-0.0
2023-07-28,193.88873291015625,194.68080550669023,192.2154835157043,192.7402284005584,48291400,0.18947680357142857,0,0,0.013508051989030934,0.0
2023-07-31,194.50259399414065,194.54220593555127,193.3243880114047,194.1164606567971,38824100,0.18010293993506493,0,0,0.0031660482523698796,0.0
2023-08-01,193.67091369628903,194.77980627337752,193.34418318178373,194.29467332466547,35175100,0.1778314816017316,0,0,-0.0042759342216107665,-0.0
2023-08-02,190.6709442138672,193.24516118654293,189.94818497968632,193.1065496196106,50389300,0.1746708566017316,0,0,-0.015490036294899423,-0.0
2023-08-03,189.27491760253903,190.46301890335675,188.79968010371752,189.67096144116343,61235200,0.17505593235930733,0,0,-0.007321653632565539,-0.0
2023-08-04,180.1859436035156,185.52251207833032,180.11663025996506,183.68094960257173,115956800,0.15989218235930736,0,0,-0.048019960141308826,-0.0
2023-08-07,177.07704162597656,181.31461219425503,175.59191133034085,180.3245253304979,97576100,0.15509878950216452,0,0,-0.01725385407631974,-0.0
2023-08-08,178.01763916015625,178.48298124186843,175.81964489133262,177.9087289898081,67823000,0.15141405735930738,0,0,0.0053117983310699834,0.0
2023-08-09,176.42359924316406,179.13642786663587,175.2552887650224,179.07702506576103,60378500,0.12227489069264068,0,0,-0.008954393084373402,-0.0
2023-08-10,176.20578002929688,178.95822060931928,175.8394526832055,177.70080592181807,54686900,0.1441721525974026,0,0,-0.0012346376267211578,-0.0
2023-08-11,176.2652587890625,177.0881424893324,175.03590276334816,175.7993034466227,52036700,0.13449694426406927,0,0,0.0003375528303086739,0.0
2023-08-14,177.92095947265625,178.14898275911253,175.78938877461678,176.44373225185288,43675600,0.16047434902597402,0,0,0.009393233215486463,0.0
2023-08-15,175.9281768798828,177.94076628789648,175.53161335110406,177.34592099472832,43622600,0.14886950775613275,0,0,-0.01120038133045087,-0.0
2023-08-16,175.0557403564453,177.00883168990967,174.98633341606396,175.61093536777827,46964900,0.15648236489898987,0,0,-0.004959049419543282,-0.0
2023-08-17,172.50778198242188,175.98767489704687,171.99223724872292,175.6208528452633,66062900,0.1421996506132756,0,0,-0.014555126092039794,-0.0
2023-08-18,172.9935760498047,173.59834528388794,170.48527458580276,170.82235510894964,61172200,0.14466857918470416,0,0,0.002816070450852637,0.0
2023-08-21,174.33200073242188,174.61952217759173,172.25001931121287,173.56861510861043,46311900,0.16530357918470415,0,0,0.007736846148737042,0.0
2023-08-22,175.71006774902344,176.15620551446153,174.73847648439144,175.5415274877659,42038900,0.1620029428210678,0,0,0.007904842546473834,0.0
2023-08-23,179.56671142578125,179.99303161559698,176.80064510070915,176.9890180826326,52722800,0.16054877615440116,0,0,0.021948905524676432,0.0
2023-08-24,174.8673553466797,179.54687744583052,174.50051821034532,179.1205572949361,54945800,0.14719074044011543,0,0,-0.026170530393902713,-0.0
2023-08-25,177.07821655273438,177.6135787817926,174.31215063473297,175.8587694385985,51449600,0.14451268849206347,0,0,0.01264307567110845,0.0
2023-08-28,178.6446990966797,179.04126265908485,177.0187642861302,178.5455506421133,43820700,0.1620355496031746,0,0,0.008846274682684063,0.0
2023-08-29,182.54098510742188,183.31429463018617,177.96061099136716,178.15889276911415,53003900,0.16374456746031746,0,0,0.021810252587643797,0.0
2023-08-30,186.0406951904297,186.23899207960088,183.15566303930453,183.35394480054703,60813900,0.15714644246031745,0,0,0.019172187993552692,0.0
2023-08-31,186.25885009765625,187.4981302843451,185.87219528452655,186.22910858341027,60794500,0.16858035912698413,0,0,0.001172619286351706,0.0
2023-09-01,187.8351898193359,188.2912363685708,186.66530168187228,187.86493132785435,45766500,0.15340893055555554,0,0,0.008463166828599933,0.0
2023-09-05,188.07313537597656,188.35073289401015,186.00106278496517,186.66531506939765,45280000,0.23312897023809526,1,1,0.0012667783756041828,0.0
2023-09-06,181.34136962890625,187.23043067946264,179.91371663144653,186.7842777718091,81755800,0.23432725306637808,1,1,-0.03579334035992354,-0.03579334035992354
2023-09-07,176.0372314453125,176.68166607969957,172.0517029915355,173.6776376395152,112488800,0.21011170684789068,1,1,-0.02924946576971399,-0.02924946576971399
2023-09-08,176.65191650390625,178.69426259870855,176.26526175899272,176.82047189213844,65551300,0.2031487544669383,1,1,0.003491790080695001,0.003491790080695001
2023-09-11,177.82179260253906,178.75373349578624,175.8191120741523,178.52571023294755,58953100,0.1591185560542399,1,1,0.006622493102739435,0.006622493102739435
2023-09-12,174.7880401611328,178.58519559094336,173.32073699502078,177.95068488711692,90370200,0.14807747913116295,1,1,-0.01706063355343168,-0.01706063355343168
2023-09-13,172.71597290039062,175.77946927367296,172.48793449989455,174.99623588192003,84267900,0.15248886802005185,0,0,-0.01185474280066301,-0.01185474280066301
2023-09-14,174.2328643798828,174.58977763559852,172.09138484558866,172.50778112260195,60895800,0.15647046142664528,0,0,0.008782577859009155,0.0
2023-09-15,173.5090789794922,174.98630593171166,172.32929732967764,174.96647321929925,109259500,0.14035315983934368,0,0,-0.004154126737034747,-0.0
2023-09-18,176.44371032714844,177.8416216381054,174.65914430549358,174.96648328990372,67257600,0.11976454872823254,0,0,0.016913416663361547,0.0
2023-09-19,177.5343017578125,178.08949677364237,175.61093679016653,175.99759154247158,51826900,0.12060304872823255,0,0,0.006180959517581908,0.0
2023-09-20,173.98500061035156,178.1588871164402,173.89576095445636,177.72265814247962,58436200,0.10962954872823256,0,0,-0.01999219932327667,-0.0
2023-09-21,172.43836975097656,174.78805492740332,172.3689779372214,173.0530629204369,63149100,0.09283704872823255,0,0,-0.008889449400519056,-0.0
2023-09-22,173.29100036621094,175.5613698772793,172.55735626241977,173.17203432298646,56725400,0.07569704872823255,0,0,0.004944552749284847,0.0
2023-09-25,174.56991577148438,175.4522824052414,172.6564598476282,172.7060340664089,46172700,0.024305104283788105,0,0,0.007380160554043336,0.0
2023-09-26,170.48524475097656,173.69744820836135,170.18781458286733,173.32071744815465,64588900,0.03896404367772749,0,0,-0.02339848193462346,-0.0
2023-09-27,168.9683837890625,171.5560010147378,167.6002289663342,171.13960475321795,66921800,0.050051161324786306,0,0,-0.008897315214168255,-0.0
2023-09-28,169.22616577148438,170.55467030699108,166.18248681585104,167.88773731405627,56294400,0.06112482799145298,0,0,0.0015256225847770644,0.0
2023-09-29,169.74171447753906,171.58576377459906,168.87916528625075,170.5447655196905,51861100,0.0632481613247863,0,0,0.003046507044016211,0.0
2023-10-02,172.25991821289062,172.8052044328195,169.46409530048962,169.75161672914737,52164500,0.07209012713675213,0,0,0.01483550312368731,0.0
2023-10-03,170.92147827148438,172.14094058886474,169.35504178574476,170.78267952738358,49594600,0.06477846047008545,0,0,-0.007769886084307287,-0.0
2023-10-04,172.17071533203125,172.71600162052053,169.5037820439095,169.62274809669574,53020300,0.07796990277777775,0,0,0.007308836040855304,0.0
2023-10-05,173.4099884033203,173.94535074695764,171.19910182632682,172.299583153516,48527900,0.10177207449494947,0,0,0.007197931825392745,0.0
2023-10-06,175.96786499023438,176.46357702906525,171.6948145080504,172.30950772319366,57266700,0.10240657449494947,0,0,0.014750457055362265,0.0
2023-10-09,177.45497131347656,177.51445432768062,174.2923266162491,175.29365932051672,42390800,0.12647494949494947,0,0,0.008451010775886392,0.0
2023-10-10,176.860107421875,178.17870301308767,176.4238784890915,176.5726011495921,43698000,0.13710494949494947,0,0,-0.00335219626251404,-0.0
2023-10-11,178.2580108642578,178.30758508223448,176.07688142463152,176.6717266565692,47551100,0.1487562956487956,0,0,0.007904006521088025,0.0
2023-10-12,179.16021728515625,180.7762279340573,177.50452608120557,178.52570660256114,56743100,0.14537679564879563,0,0,0.005061239136037843,0.0
2023-10-13,177.316162109375,180.3697342631632,176.61224451765878,179.8641135443321,51427100,0.12827179564879562,0,0,-0.01029277148534713,-0.0
2023-10-16,177.18731689453125,177.54423017672073,174.99626297065927,175.2342102014293,52517000,0.15410573504273503,0,0,-0.0007266411212096813,-0.0
2023-10-17,175.63075256347656,176.88986525789463,173.3009152798367,175.1350405719026,57549400,0.15343384615384612,0,0,-0.008784851863755105,-0.0
2023-10-18,174.33200073242188,176.0570840196497,173.60826541418712,174.07423592634754,54764400,0.14916884615384615,0,0,-0.0073947860047191005,-0.0
2023-10-19,173.9552459716797,176.31482459139443,173.68755728005698,174.53025852712355,59302900,0.1573675128205128,0,0,-0.002161133694097095,-0.0
2023-10-20,171.3973846435547,173.91559492791032,171.15943743932888,173.80653768363138,64244000,0.1532137628205128,0,0,-0.014704134467674712,-0.0
2023-10-23,171.51634216308594,172.51767489960218,168.4726633962427,169.4442697526279,55980100,0.16626070726495729,0,0,0.0006940451266432834,0.0
2023-10-24,171.95257568359375,172.18059896074934,169.97963653831405,171.56592094062157,43816600,0.15491767155067154,0,0,0.0025433933292082767,0.0
2023-10-25,169.6326446533203,171.57582713235345,169.1864917714858,170.40595412753763,57157000,0.15224794427794427,0,0,-0.013491691072672785,-0.0
2023-10-26,165.45875549316406,169.91025482669738,164.24921696829185,168.90890687614657,70625300,0.15296719427794428,0,0,-0.02460545945437842,-0.0
2023-10-27,166.77734375,167.5110029440003,165.39926501775972,165.47858075180807,58499100,0.12815369427794426,0,0,0.007969286683595422,0.0
2023-10-30,168.82957458496094,169.70203248533966,167.42175441803172,167.57047708446643,51131000,0.12419961094461093,0,0,0.012305213578873486,0.0
2023-10-31,169.3054656982422,169.43434051981868,166.4600687836398,167.89764555846892,44846000,0.11335520923520923,0,0,0.002818766288140928,0.0
2023-11-01,172.47801208496094,172.73577684542204,168.6610241296242,169.5334819772275,56934900,0.1196322092352092,0,0,0.018738594017828403,0.0
2023-11-02,176.04718017578125,176.2553707597914,173.95527477340474,174.01475779740764,77334800,0.10942925468975469,0,0,0.02069346722909926,0.0
2023-11-03,175.13504028320312,175.30359567263832,171.8633532465518,172.74571998498175,79829200,0.10538513704269585,0,0,-0.005181224099513382,-0.0
2023-11-06,177.6929168701172,177.8911986418375,174.69882732290304,174.86736758526175,63841300,0.10273379865885748,0,0,0.01460516743410012,0.0
2023-11-07,180.26071166992188,180.87538968418903,177.4351473327296,177.64333789269085,70530000,0.08551279865885748,0,0,0.014450743704554014,0.0
2023-11-08,181.321533203125,181.87672821790488,180.03267898856913,180.78617090399572,49340300,0.07895996532552414,0,0,0.0058849292415177334,0.0
2023-11-09,180.8456573486328,182.5409839345967,180.2507968912838,181.39094357988108,53763500,0.09183538199219081,0,0,-0.002624486160499706,-0.0
2023-11-10,185.0448760986328,185.21365353801235,182.1957456895483,182.63254933718324,66133400,0.08334238199219082,0,0,0.023219903709961853,0.0
2023-11-13,183.45652770996097,184.67758150620577,182.87082057942217,184.46911666550656,43627500,0.0673986319921908,0,0,-0.00858358481553001,-0.0
2023-11-14,186.0773468017578,186.74247420260892,184.9456350058848,186.33545119454976,60108400,0.09218125103980986,0,0,0.014285777260214294,0.0
2023-11-15,186.64317321777344,188.12234646111895,186.41484954526325,186.48434792046905,53790500,0.08692908437314319,0,0,0.0030408130045966875,0.0
2023-11-16,188.3308563232422,189.57176909575145,187.2785495679511,188.1918746986356,54412900,0.10388997723028603,0,0,0.009042297536913324,0.0
2023-11-17,188.3109588623047,188.99594499592385,187.1991060934492,188.86688524673244,50922700,0.11853297723028604,0,0,-0.0001056516246246142,-0.0
2023-11-20,190.05816650390625,190.51482899547432,188.49958819031184,188.50951003765908,46505100,0.1179836438969527,0,0,0.009278311003021011,0.0
2023-11-21,189.25405883789065,190.1276661417232,188.36060783923185,190.0184652287441,38134500,0.11174918556361937,0,0,-0.004230850380212758,-0.0
2023-11-22,189.9191741943359,191.52739194971423,189.44266803493824,190.09787347152113,39617700,0.10157974111917493,0,0,0.0035144047135864387,0.0
2023-11-24,188.58892822265625,189.5121598953073,187.8741613770549,189.48237920572873,24048300,0.10566519566462947,0,0,-0.007004274198867733,-0.0
2023-11-27,188.4102325439453,189.28383984926063,187.5267033912,188.53929229982836,40552600,0.11322056331168831,0,0,-0.0009475406663320696,-0.0
2023-11-28,189.01580810546875,189.690872461515,188.023077989058,188.4003202806091,38415400,0.1419634204545454,0,0,0.003214133082618975,0.0
2023-11-29,187.9932861328125,190.693513100917,187.5962001689742,189.51216190888897,43014200,0.121933875,0,0,-0.005409716694625311,-0.0
2023-11-30,188.569091796875,188.93641225844013,186.82189215984647,188.45989087281944,48794400,0.1511371477272727,0,0,0.0030629054681012846,0.0
